"                      Function";"    N";"   Args";"";"      Val";"    Ideal";"      Abs";"      Rel"
"Math_13_2(C:\git_reps\summer_practice\opaque-func-lib\Muradyan\TestingSystem\TestingSystem\Tests\Lebedev.cs)"; 1000; -0,998;2|3 ;8,964E+09 ;        0;8,964E+09;        ∞
"Math_13_2(C:\git_reps\summer_practice\opaque-func-lib\Muradyan\TestingSystem\TestingSystem\Tests\Lebedev.cs)"; 1000; -0,994;2|3 ;6,564E+08 ;        0;6,564E+08;        ∞
"Math_13_2(C:\git_reps\summer_practice\opaque-func-lib\Muradyan\TestingSystem\TestingSystem\Tests\Lebedev.cs)"; 1000;  -0,99;2|3 ;9,901E+07 ;        0;9,901E+07;        ∞
"Math_13_2(C:\git_reps\summer_practice\opaque-func-lib\Muradyan\TestingSystem\TestingSystem\Tests\Lebedev.cs)"; 1000; -0,986;2|3 ;2,602E+07 ;        0;2,602E+07;        ∞
"Math_13_2(C:\git_reps\summer_practice\opaque-func-lib\Muradyan\TestingSystem\TestingSystem\Tests\Lebedev.cs)"; 1000; -0,982;2|3 ;9,526E+06 ;        0;9,526E+06;        ∞
"Math_13_2(C:\git_reps\summer_practice\opaque-func-lib\Muradyan\TestingSystem\TestingSystem\Tests\Lebedev.cs)"; 1000; -0,978;2|3 ;4,269E+06 ;        0;4,269E+06;        ∞
"Math_13_2(C:\git_reps\summer_practice\opaque-func-lib\Muradyan\TestingSystem\TestingSystem\Tests\Lebedev.cs)"; 1000; -0,974;2|3 ;2,188E+06 ;        0;2,188E+06;        ∞
"Math_13_2(C:\git_reps\summer_practice\opaque-func-lib\Muradyan\TestingSystem\TestingSystem\Tests\Lebedev.cs)"; 1000;  -0,97;2|3 ;1,235E+06 ;        0;1,235E+06;        ∞
"Math_13_2(C:\git_reps\summer_practice\opaque-func-lib\Muradyan\TestingSystem\TestingSystem\Tests\Lebedev.cs)"; 1000; -0,966;2|3 ;7,483E+05 ;        0;7,483E+05;        ∞
"Math_13_2(C:\git_reps\summer_practice\opaque-func-lib\Muradyan\TestingSystem\TestingSystem\Tests\Lebedev.cs)"; 1000; -0,962;2|3 ;4,796E+05 ;        0;4,796E+05;        ∞
"Math_13_2(C:\git_reps\summer_practice\opaque-func-lib\Muradyan\TestingSystem\TestingSystem\Tests\Lebedev.cs)"; 1000; -0,958;2|3 ;3,214E+05 ;        0;3,214E+05;        ∞
"Math_13_2(C:\git_reps\summer_practice\opaque-func-lib\Muradyan\TestingSystem\TestingSystem\Tests\Lebedev.cs)"; 1000; -0,954;2|3 ;2,233E+05 ;        0;2,233E+05;        ∞
"Math_13_2(C:\git_reps\summer_practice\opaque-func-lib\Muradyan\TestingSystem\TestingSystem\Tests\Lebedev.cs)"; 1000;  -0,95;2|3 ;  1,6E+05 ;        0;  1,6E+05;        ∞
"Math_13_2(C:\git_reps\summer_practice\opaque-func-lib\Muradyan\TestingSystem\TestingSystem\Tests\Lebedev.cs)"; 1000; -0,946;2|3 ;1,176E+05 ;        0;1,176E+05;        ∞
"Math_13_2(C:\git_reps\summer_practice\opaque-func-lib\Muradyan\TestingSystem\TestingSystem\Tests\Lebedev.cs)"; 1000; -0,942;2|3 ;8,837E+04 ;        0;8,837E+04;        ∞
"Math_13_2(C:\git_reps\summer_practice\opaque-func-lib\Muradyan\TestingSystem\TestingSystem\Tests\Lebedev.cs)"; 1000; -0,938;2|3 ;6,768E+04 ;        0;6,768E+04;        ∞
"Math_13_2(C:\git_reps\summer_practice\opaque-func-lib\Muradyan\TestingSystem\TestingSystem\Tests\Lebedev.cs)"; 1000; -0,934;2|3 ; 5,27E+04 ;        0; 5,27E+04;        ∞
"Math_13_2(C:\git_reps\summer_practice\opaque-func-lib\Muradyan\TestingSystem\TestingSystem\Tests\Lebedev.cs)"; 1000;  -0,93;2|3 ;4,165E+04 ;        0;4,165E+04;        ∞
"Math_13_2(C:\git_reps\summer_practice\opaque-func-lib\Muradyan\TestingSystem\TestingSystem\Tests\Lebedev.cs)"; 1000; -0,926;2|3 ;3,335E+04 ;        0;3,335E+04;        ∞
"Math_13_2(C:\git_reps\summer_practice\opaque-func-lib\Muradyan\TestingSystem\TestingSystem\Tests\Lebedev.cs)"; 1000; -0,922;2|3 ;2,702E+04 ;        0;2,702E+04;        ∞
"Math_13_2(C:\git_reps\summer_practice\opaque-func-lib\Muradyan\TestingSystem\TestingSystem\Tests\Lebedev.cs)"; 1000; -0,918;2|3 ;2,212E+04 ;        0;2,212E+04;        ∞
"Math_13_2(C:\git_reps\summer_practice\opaque-func-lib\Muradyan\TestingSystem\TestingSystem\Tests\Lebedev.cs)"; 1000; -0,914;2|3 ;1,828E+04 ;        0;1,828E+04;        ∞
"Math_13_2(C:\git_reps\summer_practice\opaque-func-lib\Muradyan\TestingSystem\TestingSystem\Tests\Lebedev.cs)"; 1000;  -0,91;2|3 ;1,524E+04 ;        0;1,524E+04;        ∞
"Math_13_2(C:\git_reps\summer_practice\opaque-func-lib\Muradyan\TestingSystem\TestingSystem\Tests\Lebedev.cs)"; 1000; -0,906;2|3 ;1,281E+04 ;        0;1,281E+04;        ∞
"Math_13_2(C:\git_reps\summer_practice\opaque-func-lib\Muradyan\TestingSystem\TestingSystem\Tests\Lebedev.cs)"; 1000; -0,902;2|3 ;1,084E+04 ;        0;1,084E+04;        ∞
"Math_13_2(C:\git_reps\summer_practice\opaque-func-lib\Muradyan\TestingSystem\TestingSystem\Tests\Lebedev.cs)"; 1000; -0,898;2|3 ;     9238 ;        0;     9238;        ∞
"Math_13_2(C:\git_reps\summer_practice\opaque-func-lib\Muradyan\TestingSystem\TestingSystem\Tests\Lebedev.cs)"; 1000; -0,894;2|3 ;     7921 ;        0;     7921;        ∞
"Math_13_2(C:\git_reps\summer_practice\opaque-func-lib\Muradyan\TestingSystem\TestingSystem\Tests\Lebedev.cs)"; 1000;  -0,89;2|3 ;     6830 ;        0;     6830;        ∞
"Math_13_2(C:\git_reps\summer_practice\opaque-func-lib\Muradyan\TestingSystem\TestingSystem\Tests\Lebedev.cs)"; 1000; -0,886;2|3 ;     5921 ;        0;     5921;        ∞
"Math_13_2(C:\git_reps\summer_practice\opaque-func-lib\Muradyan\TestingSystem\TestingSystem\Tests\Lebedev.cs)"; 1000; -0,882;2|3 ;     5158 ;        0;     5158;        ∞
"Math_13_2(C:\git_reps\summer_practice\opaque-func-lib\Muradyan\TestingSystem\TestingSystem\Tests\Lebedev.cs)"; 1000; -0,878;2|3 ;     4514 ;        0;     4514;        ∞
"Math_13_2(C:\git_reps\summer_practice\opaque-func-lib\Muradyan\TestingSystem\TestingSystem\Tests\Lebedev.cs)"; 1000; -0,874;2|3 ;     3968 ;        0;     3968;        ∞
"Math_13_2(C:\git_reps\summer_practice\opaque-func-lib\Muradyan\TestingSystem\TestingSystem\Tests\Lebedev.cs)"; 1000;  -0,87;2|3 ;     3501 ;        0;     3501;        ∞
"Math_13_2(C:\git_reps\summer_practice\opaque-func-lib\Muradyan\TestingSystem\TestingSystem\Tests\Lebedev.cs)"; 1000; -0,866;2|3 ;     3102 ;        0;     3102;        ∞
"Math_13_2(C:\git_reps\summer_practice\opaque-func-lib\Muradyan\TestingSystem\TestingSystem\Tests\Lebedev.cs)"; 1000; -0,862;2|3 ;     2757 ;        0;     2757;        ∞
"Math_13_2(C:\git_reps\summer_practice\opaque-func-lib\Muradyan\TestingSystem\TestingSystem\Tests\Lebedev.cs)"; 1000; -0,858;2|3 ;     2459 ;        0;     2459;        ∞
"Math_13_2(C:\git_reps\summer_practice\opaque-func-lib\Muradyan\TestingSystem\TestingSystem\Tests\Lebedev.cs)"; 1000; -0,854;2|3 ;     2201 ;        0;     2201;        ∞
"Math_13_2(C:\git_reps\summer_practice\opaque-func-lib\Muradyan\TestingSystem\TestingSystem\Tests\Lebedev.cs)"; 1000;  -0,85;2|3 ;     1975 ;        0;     1975;        ∞
"Math_13_2(C:\git_reps\summer_practice\opaque-func-lib\Muradyan\TestingSystem\TestingSystem\Tests\Lebedev.cs)"; 1000; -0,846;2|3 ;     1778 ;        0;     1778;        ∞
"Math_13_2(C:\git_reps\summer_practice\opaque-func-lib\Muradyan\TestingSystem\TestingSystem\Tests\Lebedev.cs)"; 1000; -0,842;2|3 ;     1605 ;        0;     1605;        ∞
"Math_13_2(C:\git_reps\summer_practice\opaque-func-lib\Muradyan\TestingSystem\TestingSystem\Tests\Lebedev.cs)"; 1000; -0,838;2|3 ;     1452 ;        0;     1452;        ∞
"Math_13_2(C:\git_reps\summer_practice\opaque-func-lib\Muradyan\TestingSystem\TestingSystem\Tests\Lebedev.cs)"; 1000; -0,834;2|3 ;     1317 ;        0;     1317;        ∞
"Math_13_2(C:\git_reps\summer_practice\opaque-func-lib\Muradyan\TestingSystem\TestingSystem\Tests\Lebedev.cs)"; 1000;  -0,83;2|3 ;     1197 ;        0;     1197;        ∞
"Math_13_2(C:\git_reps\summer_practice\opaque-func-lib\Muradyan\TestingSystem\TestingSystem\Tests\Lebedev.cs)"; 1000; -0,826;2|3 ;     1091 ;        0;     1091;        ∞
"Math_13_2(C:\git_reps\summer_practice\opaque-func-lib\Muradyan\TestingSystem\TestingSystem\Tests\Lebedev.cs)"; 1000; -0,822;2|3 ;    996,1 ;        0;    996,1;        ∞
"Math_13_2(C:\git_reps\summer_practice\opaque-func-lib\Muradyan\TestingSystem\TestingSystem\Tests\Lebedev.cs)"; 1000; -0,818;2|3 ;    911,4 ;        0;    911,4;        ∞
"Math_13_2(C:\git_reps\summer_practice\opaque-func-lib\Muradyan\TestingSystem\TestingSystem\Tests\Lebedev.cs)"; 1000; -0,814;2|3 ;    835,5 ;        0;    835,5;        ∞
"Math_13_2(C:\git_reps\summer_practice\opaque-func-lib\Muradyan\TestingSystem\TestingSystem\Tests\Lebedev.cs)"; 1000;  -0,81;2|3 ;    767,3 ;        0;    767,3;        ∞
"Math_13_2(C:\git_reps\summer_practice\opaque-func-lib\Muradyan\TestingSystem\TestingSystem\Tests\Lebedev.cs)"; 1000; -0,806;2|3 ;      706 ;        0;      706;        ∞
"Math_13_2(C:\git_reps\summer_practice\opaque-func-lib\Muradyan\TestingSystem\TestingSystem\Tests\Lebedev.cs)"; 1000; -0,802;2|3 ;    650,6 ;        0;    650,6;        ∞
"Math_13_2(C:\git_reps\summer_practice\opaque-func-lib\Muradyan\TestingSystem\TestingSystem\Tests\Lebedev.cs)"; 1000; -0,798;2|3 ;    600,6 ;        0;    600,6;        ∞
"Math_13_2(C:\git_reps\summer_practice\opaque-func-lib\Muradyan\TestingSystem\TestingSystem\Tests\Lebedev.cs)"; 1000; -0,794;2|3 ;    555,3 ;        0;    555,3;        ∞
"Math_13_2(C:\git_reps\summer_practice\opaque-func-lib\Muradyan\TestingSystem\TestingSystem\Tests\Lebedev.cs)"; 1000;  -0,79;2|3 ;    514,2 ;        0;    514,2;        ∞
"Math_13_2(C:\git_reps\summer_practice\opaque-func-lib\Muradyan\TestingSystem\TestingSystem\Tests\Lebedev.cs)"; 1000; -0,786;2|3 ;    476,8 ;        0;    476,8;        ∞
"Math_13_2(C:\git_reps\summer_practice\opaque-func-lib\Muradyan\TestingSystem\TestingSystem\Tests\Lebedev.cs)"; 1000; -0,782;2|3 ;    442,8 ;        0;    442,8;        ∞
"Math_13_2(C:\git_reps\summer_practice\opaque-func-lib\Muradyan\TestingSystem\TestingSystem\Tests\Lebedev.cs)"; 1000; -0,778;2|3 ;    411,7 ;        0;    411,7;        ∞
"Math_13_2(C:\git_reps\summer_practice\opaque-func-lib\Muradyan\TestingSystem\TestingSystem\Tests\Lebedev.cs)"; 1000; -0,774;2|3 ;    383,3 ;        0;    383,3;        ∞
"Math_13_2(C:\git_reps\summer_practice\opaque-func-lib\Muradyan\TestingSystem\TestingSystem\Tests\Lebedev.cs)"; 1000;  -0,77;2|3 ;    357,3 ;        0;    357,3;        ∞
"Math_13_2(C:\git_reps\summer_practice\opaque-func-lib\Muradyan\TestingSystem\TestingSystem\Tests\Lebedev.cs)"; 1000; -0,766;2|3 ;    333,5 ;        0;    333,5;        ∞
"Math_13_2(C:\git_reps\summer_practice\opaque-func-lib\Muradyan\TestingSystem\TestingSystem\Tests\Lebedev.cs)"; 1000; -0,762;2|3 ;    311,7 ;        0;    311,7;        ∞
"Math_13_2(C:\git_reps\summer_practice\opaque-func-lib\Muradyan\TestingSystem\TestingSystem\Tests\Lebedev.cs)"; 1000; -0,758;2|3 ;    291,6 ;        0;    291,6;        ∞
"Math_13_2(C:\git_reps\summer_practice\opaque-func-lib\Muradyan\TestingSystem\TestingSystem\Tests\Lebedev.cs)"; 1000; -0,754;2|3 ;    273,1 ;        0;    273,1;        ∞
"Math_13_2(C:\git_reps\summer_practice\opaque-func-lib\Muradyan\TestingSystem\TestingSystem\Tests\Lebedev.cs)"; 1000;  -0,75;2|3 ;      256 ;        0;      256;        ∞
"Math_13_2(C:\git_reps\summer_practice\opaque-func-lib\Muradyan\TestingSystem\TestingSystem\Tests\Lebedev.cs)"; 1000; -0,746;2|3 ;    240,3 ;        0;    240,3;        ∞
"Math_13_2(C:\git_reps\summer_practice\opaque-func-lib\Muradyan\TestingSystem\TestingSystem\Tests\Lebedev.cs)"; 1000; -0,742;2|3 ;    225,7 ;        0;    225,7;        ∞
"Math_13_2(C:\git_reps\summer_practice\opaque-func-lib\Muradyan\TestingSystem\TestingSystem\Tests\Lebedev.cs)"; 1000; -0,738;2|3 ;    212,2 ;        0;    212,2;        ∞
"Math_13_2(C:\git_reps\summer_practice\opaque-func-lib\Muradyan\TestingSystem\TestingSystem\Tests\Lebedev.cs)"; 1000; -0,734;2|3 ;    199,7 ;        0;    199,7;        ∞
"Math_13_2(C:\git_reps\summer_practice\opaque-func-lib\Muradyan\TestingSystem\TestingSystem\Tests\Lebedev.cs)"; 1000;  -0,73;2|3 ;    188,2 ;        0;    188,2;        ∞
"Math_13_2(C:\git_reps\summer_practice\opaque-func-lib\Muradyan\TestingSystem\TestingSystem\Tests\Lebedev.cs)"; 1000; -0,726;2|3 ;    177,4 ;        0;    177,4;        ∞
"Math_13_2(C:\git_reps\summer_practice\opaque-func-lib\Muradyan\TestingSystem\TestingSystem\Tests\Lebedev.cs)"; 1000; -0,722;2|3 ;    167,4 ;        0;    167,4;        ∞
"Math_13_2(C:\git_reps\summer_practice\opaque-func-lib\Muradyan\TestingSystem\TestingSystem\Tests\Lebedev.cs)"; 1000; -0,718;2|3 ;    158,1 ;        0;    158,1;        ∞
"Math_13_2(C:\git_reps\summer_practice\opaque-func-lib\Muradyan\TestingSystem\TestingSystem\Tests\Lebedev.cs)"; 1000; -0,714;2|3 ;    149,5 ;        0;    149,5;        ∞
"Math_13_2(C:\git_reps\summer_practice\opaque-func-lib\Muradyan\TestingSystem\TestingSystem\Tests\Lebedev.cs)"; 1000;  -0,71;2|3 ;    141,4 ;        0;    141,4;        ∞
"Math_13_2(C:\git_reps\summer_practice\opaque-func-lib\Muradyan\TestingSystem\TestingSystem\Tests\Lebedev.cs)"; 1000; -0,706;2|3 ;    133,8 ;        0;    133,8;        ∞
"Math_13_2(C:\git_reps\summer_practice\opaque-func-lib\Muradyan\TestingSystem\TestingSystem\Tests\Lebedev.cs)"; 1000; -0,702;2|3 ;    126,8 ;        0;    126,8;        ∞
"Math_13_2(C:\git_reps\summer_practice\opaque-func-lib\Muradyan\TestingSystem\TestingSystem\Tests\Lebedev.cs)"; 1000; -0,698;2|3 ;    120,2 ;        0;    120,2;        ∞
"Math_13_2(C:\git_reps\summer_practice\opaque-func-lib\Muradyan\TestingSystem\TestingSystem\Tests\Lebedev.cs)"; 1000; -0,694;2|3 ;    114,1 ;        0;    114,1;        ∞
"Math_13_2(C:\git_reps\summer_practice\opaque-func-lib\Muradyan\TestingSystem\TestingSystem\Tests\Lebedev.cs)"; 1000;  -0,69;2|3 ;    108,3 ;        0;    108,3;        ∞
"Math_13_2(C:\git_reps\summer_practice\opaque-func-lib\Muradyan\TestingSystem\TestingSystem\Tests\Lebedev.cs)"; 1000; -0,686;2|3 ;    102,9 ;        0;    102,9;        ∞
"Math_13_2(C:\git_reps\summer_practice\opaque-func-lib\Muradyan\TestingSystem\TestingSystem\Tests\Lebedev.cs)"; 1000; -0,682;2|3 ;    97,79 ;        0;    97,79;        ∞
"Math_13_2(C:\git_reps\summer_practice\opaque-func-lib\Muradyan\TestingSystem\TestingSystem\Tests\Lebedev.cs)"; 1000; -0,678;2|3 ;    93,02 ;        0;    93,02;        ∞
"Math_13_2(C:\git_reps\summer_practice\opaque-func-lib\Muradyan\TestingSystem\TestingSystem\Tests\Lebedev.cs)"; 1000; -0,674;2|3 ;    88,54 ;        0;    88,54;        ∞
"Math_13_2(C:\git_reps\summer_practice\opaque-func-lib\Muradyan\TestingSystem\TestingSystem\Tests\Lebedev.cs)"; 1000;  -0,67;2|3 ;    84,32 ;        0;    84,32;        ∞
"Math_13_2(C:\git_reps\summer_practice\opaque-func-lib\Muradyan\TestingSystem\TestingSystem\Tests\Lebedev.cs)"; 1000; -0,666;2|3 ;    80,36 ;        0;    80,36;        ∞
"Math_13_2(C:\git_reps\summer_practice\opaque-func-lib\Muradyan\TestingSystem\TestingSystem\Tests\Lebedev.cs)"; 1000; -0,662;2|3 ;    76,62 ;        0;    76,62;        ∞
"Math_13_2(C:\git_reps\summer_practice\opaque-func-lib\Muradyan\TestingSystem\TestingSystem\Tests\Lebedev.cs)"; 1000; -0,658;2|3 ;     73,1 ;        0;     73,1;        ∞
"Math_13_2(C:\git_reps\summer_practice\opaque-func-lib\Muradyan\TestingSystem\TestingSystem\Tests\Lebedev.cs)"; 1000; -0,654;2|3 ;    69,77 ;        0;    69,77;        ∞
"Math_13_2(C:\git_reps\summer_practice\opaque-func-lib\Muradyan\TestingSystem\TestingSystem\Tests\Lebedev.cs)"; 1000;  -0,65;2|3 ;    66,64 ;        0;    66,64;        ∞
"Math_13_2(C:\git_reps\summer_practice\opaque-func-lib\Muradyan\TestingSystem\TestingSystem\Tests\Lebedev.cs)"; 1000; -0,646;2|3 ;    63,68 ;        0;    63,68;        ∞
"Math_13_2(C:\git_reps\summer_practice\opaque-func-lib\Muradyan\TestingSystem\TestingSystem\Tests\Lebedev.cs)"; 1000; -0,642;2|3 ;    60,88 ;        0;    60,88;        ∞
"Math_13_2(C:\git_reps\summer_practice\opaque-func-lib\Muradyan\TestingSystem\TestingSystem\Tests\Lebedev.cs)"; 1000; -0,638;2|3 ;    58,23 ;        0;    58,23;        ∞
"Math_13_2(C:\git_reps\summer_practice\opaque-func-lib\Muradyan\TestingSystem\TestingSystem\Tests\Lebedev.cs)"; 1000; -0,634;2|3 ;    55,73 ;        0;    55,73;        ∞
"Math_13_2(C:\git_reps\summer_practice\opaque-func-lib\Muradyan\TestingSystem\TestingSystem\Tests\Lebedev.cs)"; 1000;  -0,63;2|3 ;    53,36 ;        0;    53,36;        ∞
"Math_13_2(C:\git_reps\summer_practice\opaque-func-lib\Muradyan\TestingSystem\TestingSystem\Tests\Lebedev.cs)"; 1000; -0,626;2|3 ;    51,11 ;        0;    51,11;        ∞
"Math_13_2(C:\git_reps\summer_practice\opaque-func-lib\Muradyan\TestingSystem\TestingSystem\Tests\Lebedev.cs)"; 1000; -0,622;2|3 ;    48,98 ;        0;    48,98;        ∞
"Math_13_2(C:\git_reps\summer_practice\opaque-func-lib\Muradyan\TestingSystem\TestingSystem\Tests\Lebedev.cs)"; 1000; -0,618;2|3 ;    46,96 ;        0;    46,96;        ∞
"Math_13_2(C:\git_reps\summer_practice\opaque-func-lib\Muradyan\TestingSystem\TestingSystem\Tests\Lebedev.cs)"; 1000; -0,614;2|3 ;    45,05 ;        0;    45,05;        ∞
"Math_13_2(C:\git_reps\summer_practice\opaque-func-lib\Muradyan\TestingSystem\TestingSystem\Tests\Lebedev.cs)"; 1000;  -0,61;2|3 ;    43,23 ;        0;    43,23;        ∞
"Math_13_2(C:\git_reps\summer_practice\opaque-func-lib\Muradyan\TestingSystem\TestingSystem\Tests\Lebedev.cs)"; 1000; -0,606;2|3 ;     41,5 ;        0;     41,5;        ∞
"Math_13_2(C:\git_reps\summer_practice\opaque-func-lib\Muradyan\TestingSystem\TestingSystem\Tests\Lebedev.cs)"; 1000; -0,602;2|3 ;    39,85 ;        0;    39,85;        ∞
"Math_13_2(C:\git_reps\summer_practice\opaque-func-lib\Muradyan\TestingSystem\TestingSystem\Tests\Lebedev.cs)"; 1000; -0,598;2|3 ;    38,29 ;        0;    38,29;        ∞
"Math_13_2(C:\git_reps\summer_practice\opaque-func-lib\Muradyan\TestingSystem\TestingSystem\Tests\Lebedev.cs)"; 1000; -0,594;2|3 ;     36,8 ;        0;     36,8;        ∞
"Math_13_2(C:\git_reps\summer_practice\opaque-func-lib\Muradyan\TestingSystem\TestingSystem\Tests\Lebedev.cs)"; 1000;  -0,59;2|3 ;    35,39 ;        0;    35,39;        ∞
"Math_13_2(C:\git_reps\summer_practice\opaque-func-lib\Muradyan\TestingSystem\TestingSystem\Tests\Lebedev.cs)"; 1000; -0,586;2|3 ;    34,04 ;        0;    34,04;        ∞
"Math_13_2(C:\git_reps\summer_practice\opaque-func-lib\Muradyan\TestingSystem\TestingSystem\Tests\Lebedev.cs)"; 1000; -0,582;2|3 ;    32,76 ;        0;    32,76;        ∞
"Math_13_2(C:\git_reps\summer_practice\opaque-func-lib\Muradyan\TestingSystem\TestingSystem\Tests\Lebedev.cs)"; 1000; -0,578;2|3 ;    31,53 ;        0;    31,53;        ∞
"Math_13_2(C:\git_reps\summer_practice\opaque-func-lib\Muradyan\TestingSystem\TestingSystem\Tests\Lebedev.cs)"; 1000; -0,574;2|3 ;    30,36 ;        0;    30,36;        ∞
"Math_13_2(C:\git_reps\summer_practice\opaque-func-lib\Muradyan\TestingSystem\TestingSystem\Tests\Lebedev.cs)"; 1000;  -0,57;2|3 ;    29,25 ;        0;    29,25;        ∞
"Math_13_2(C:\git_reps\summer_practice\opaque-func-lib\Muradyan\TestingSystem\TestingSystem\Tests\Lebedev.cs)"; 1000; -0,566;2|3 ;    28,19 ;        0;    28,19;        ∞
"Math_13_2(C:\git_reps\summer_practice\opaque-func-lib\Muradyan\TestingSystem\TestingSystem\Tests\Lebedev.cs)"; 1000; -0,562;2|3 ;    27,17 ;        0;    27,17;        ∞
"Math_13_2(C:\git_reps\summer_practice\opaque-func-lib\Muradyan\TestingSystem\TestingSystem\Tests\Lebedev.cs)"; 1000; -0,558;2|3 ;     26,2 ;        0;     26,2;        ∞
"Math_13_2(C:\git_reps\summer_practice\opaque-func-lib\Muradyan\TestingSystem\TestingSystem\Tests\Lebedev.cs)"; 1000; -0,554;2|3 ;    25,27 ;        0;    25,27;        ∞
"Math_13_2(C:\git_reps\summer_practice\opaque-func-lib\Muradyan\TestingSystem\TestingSystem\Tests\Lebedev.cs)"; 1000;  -0,55;2|3 ;    24,39 ;        0;    24,39;        ∞
"Math_13_2(C:\git_reps\summer_practice\opaque-func-lib\Muradyan\TestingSystem\TestingSystem\Tests\Lebedev.cs)"; 1000; -0,546;2|3 ;    23,54 ;        0;    23,54;        ∞
"Math_13_2(C:\git_reps\summer_practice\opaque-func-lib\Muradyan\TestingSystem\TestingSystem\Tests\Lebedev.cs)"; 1000; -0,542;2|3 ;    22,73 ;        0;    22,73;        ∞
"Math_13_2(C:\git_reps\summer_practice\opaque-func-lib\Muradyan\TestingSystem\TestingSystem\Tests\Lebedev.cs)"; 1000; -0,538;2|3 ;    21,95 ;        0;    21,95;        ∞
"Math_13_2(C:\git_reps\summer_practice\opaque-func-lib\Muradyan\TestingSystem\TestingSystem\Tests\Lebedev.cs)"; 1000; -0,534;2|3 ;    21,21 ;        0;    21,21;        ∞
"Math_13_2(C:\git_reps\summer_practice\opaque-func-lib\Muradyan\TestingSystem\TestingSystem\Tests\Lebedev.cs)"; 1000;  -0,53;2|3 ;    20,49 ;        0;    20,49;        ∞
"Math_13_2(C:\git_reps\summer_practice\opaque-func-lib\Muradyan\TestingSystem\TestingSystem\Tests\Lebedev.cs)"; 1000; -0,526;2|3 ;    19,81 ;        0;    19,81;        ∞
"Math_13_2(C:\git_reps\summer_practice\opaque-func-lib\Muradyan\TestingSystem\TestingSystem\Tests\Lebedev.cs)"; 1000; -0,522;2|3 ;    19,16 ;        0;    19,16;        ∞
"Math_13_2(C:\git_reps\summer_practice\opaque-func-lib\Muradyan\TestingSystem\TestingSystem\Tests\Lebedev.cs)"; 1000; -0,518;2|3 ;    18,53 ;        0;    18,53;        ∞
"Math_13_2(C:\git_reps\summer_practice\opaque-func-lib\Muradyan\TestingSystem\TestingSystem\Tests\Lebedev.cs)"; 1000; -0,514;2|3 ;    17,92 ;        0;    17,92;        ∞
"Math_13_2(C:\git_reps\summer_practice\opaque-func-lib\Muradyan\TestingSystem\TestingSystem\Tests\Lebedev.cs)"; 1000;  -0,51;2|3 ;    17,35 ;        0;    17,35;        ∞
"Math_13_2(C:\git_reps\summer_practice\opaque-func-lib\Muradyan\TestingSystem\TestingSystem\Tests\Lebedev.cs)"; 1000; -0,506;2|3 ;    16,79 ;        0;    16,79;        ∞
"Math_13_2(C:\git_reps\summer_practice\opaque-func-lib\Muradyan\TestingSystem\TestingSystem\Tests\Lebedev.cs)"; 1000; -0,502;2|3 ;    16,26 ;        0;    16,26;        ∞
"Math_13_2(C:\git_reps\summer_practice\opaque-func-lib\Muradyan\TestingSystem\TestingSystem\Tests\Lebedev.cs)"; 1000; -0,498;2|3 ;    15,75 ;        0;    15,75;        ∞
"Math_13_2(C:\git_reps\summer_practice\opaque-func-lib\Muradyan\TestingSystem\TestingSystem\Tests\Lebedev.cs)"; 1000; -0,494;2|3 ;    15,25 ;        0;    15,25;        ∞
"Math_13_2(C:\git_reps\summer_practice\opaque-func-lib\Muradyan\TestingSystem\TestingSystem\Tests\Lebedev.cs)"; 1000;  -0,49;2|3 ;    14,78 ;        0;    14,78;        ∞
"Math_13_2(C:\git_reps\summer_practice\opaque-func-lib\Muradyan\TestingSystem\TestingSystem\Tests\Lebedev.cs)"; 1000; -0,486;2|3 ;    14,33 ;        0;    14,33;        ∞
"Math_13_2(C:\git_reps\summer_practice\opaque-func-lib\Muradyan\TestingSystem\TestingSystem\Tests\Lebedev.cs)"; 1000; -0,482;2|3 ;    13,89 ;        0;    13,89;        ∞
"Math_13_2(C:\git_reps\summer_practice\opaque-func-lib\Muradyan\TestingSystem\TestingSystem\Tests\Lebedev.cs)"; 1000; -0,478;2|3 ;    13,47 ;        0;    13,47;        ∞
"Math_13_2(C:\git_reps\summer_practice\opaque-func-lib\Muradyan\TestingSystem\TestingSystem\Tests\Lebedev.cs)"; 1000; -0,474;2|3 ;    13,06 ;        0;    13,06;        ∞
"Math_13_2(C:\git_reps\summer_practice\opaque-func-lib\Muradyan\TestingSystem\TestingSystem\Tests\Lebedev.cs)"; 1000;  -0,47;2|3 ;    12,67 ;        0;    12,67;        ∞
"Math_13_2(C:\git_reps\summer_practice\opaque-func-lib\Muradyan\TestingSystem\TestingSystem\Tests\Lebedev.cs)"; 1000; -0,466;2|3 ;     12,3 ;        0;     12,3;        ∞
"Math_13_2(C:\git_reps\summer_practice\opaque-func-lib\Muradyan\TestingSystem\TestingSystem\Tests\Lebedev.cs)"; 1000; -0,462;2|3 ;    11,94 ;        0;    11,94;        ∞
"Math_13_2(C:\git_reps\summer_practice\opaque-func-lib\Muradyan\TestingSystem\TestingSystem\Tests\Lebedev.cs)"; 1000; -0,458;2|3 ;    11,59 ;        0;    11,59;        ∞
"Math_13_2(C:\git_reps\summer_practice\opaque-func-lib\Muradyan\TestingSystem\TestingSystem\Tests\Lebedev.cs)"; 1000; -0,454;2|3 ;    11,25 ;        0;    11,25;        ∞
"Math_13_2(C:\git_reps\summer_practice\opaque-func-lib\Muradyan\TestingSystem\TestingSystem\Tests\Lebedev.cs)"; 1000;  -0,45;2|3 ;    10,93 ;        0;    10,93;        ∞
"Math_13_2(C:\git_reps\summer_practice\opaque-func-lib\Muradyan\TestingSystem\TestingSystem\Tests\Lebedev.cs)"; 1000; -0,446;2|3 ;    10,62 ;        0;    10,62;        ∞
"Math_13_2(C:\git_reps\summer_practice\opaque-func-lib\Muradyan\TestingSystem\TestingSystem\Tests\Lebedev.cs)"; 1000; -0,442;2|3 ;    10,31 ;        0;    10,31;        ∞
"Math_13_2(C:\git_reps\summer_practice\opaque-func-lib\Muradyan\TestingSystem\TestingSystem\Tests\Lebedev.cs)"; 1000; -0,438;2|3 ;    10,02 ;        0;    10,02;        ∞
"Math_13_2(C:\git_reps\summer_practice\opaque-func-lib\Muradyan\TestingSystem\TestingSystem\Tests\Lebedev.cs)"; 1000; -0,434;2|3 ;    9,744 ;        0;    9,744;        ∞
"Math_13_2(C:\git_reps\summer_practice\opaque-func-lib\Muradyan\TestingSystem\TestingSystem\Tests\Lebedev.cs)"; 1000;  -0,43;2|3 ;    9,473 ;        0;    9,473;        ∞
"Math_13_2(C:\git_reps\summer_practice\opaque-func-lib\Muradyan\TestingSystem\TestingSystem\Tests\Lebedev.cs)"; 1000; -0,426;2|3 ;    9,212 ;        0;    9,212;        ∞
"Math_13_2(C:\git_reps\summer_practice\opaque-func-lib\Muradyan\TestingSystem\TestingSystem\Tests\Lebedev.cs)"; 1000; -0,422;2|3 ;     8,96 ;        0;     8,96;        ∞
"Math_13_2(C:\git_reps\summer_practice\opaque-func-lib\Muradyan\TestingSystem\TestingSystem\Tests\Lebedev.cs)"; 1000; -0,418;2|3 ;    8,716 ;        0;    8,716;        ∞
"Math_13_2(C:\git_reps\summer_practice\opaque-func-lib\Muradyan\TestingSystem\TestingSystem\Tests\Lebedev.cs)"; 1000; -0,414;2|3 ;     8,48 ;        0;     8,48;        ∞
"Math_13_2(C:\git_reps\summer_practice\opaque-func-lib\Muradyan\TestingSystem\TestingSystem\Tests\Lebedev.cs)"; 1000;  -0,41;2|3 ;    8,253 ;        0;    8,253;        ∞
"Math_13_2(C:\git_reps\summer_practice\opaque-func-lib\Muradyan\TestingSystem\TestingSystem\Tests\Lebedev.cs)"; 1000; -0,406;2|3 ;    8,033 ;        0;    8,033;        ∞
"Math_13_2(C:\git_reps\summer_practice\opaque-func-lib\Muradyan\TestingSystem\TestingSystem\Tests\Lebedev.cs)"; 1000; -0,402;2|3 ;     7,82 ;        0;     7,82;        ∞
"Math_13_2(C:\git_reps\summer_practice\opaque-func-lib\Muradyan\TestingSystem\TestingSystem\Tests\Lebedev.cs)"; 1000; -0,398;2|3 ;    7,614 ;        0;    7,614;        ∞
"Math_13_2(C:\git_reps\summer_practice\opaque-func-lib\Muradyan\TestingSystem\TestingSystem\Tests\Lebedev.cs)"; 1000; -0,394;2|3 ;    7,415 ;        0;    7,415;        ∞
"Math_13_2(C:\git_reps\summer_practice\opaque-func-lib\Muradyan\TestingSystem\TestingSystem\Tests\Lebedev.cs)"; 1000;  -0,39;2|3 ;    7,222 ;        0;    7,222;        ∞
"Math_13_2(C:\git_reps\summer_practice\opaque-func-lib\Muradyan\TestingSystem\TestingSystem\Tests\Lebedev.cs)"; 1000; -0,386;2|3 ;    7,036 ;        0;    7,036;        ∞
"Math_13_2(C:\git_reps\summer_practice\opaque-func-lib\Muradyan\TestingSystem\TestingSystem\Tests\Lebedev.cs)"; 1000; -0,382;2|3 ;    6,856 ;        0;    6,856;        ∞
"Math_13_2(C:\git_reps\summer_practice\opaque-func-lib\Muradyan\TestingSystem\TestingSystem\Tests\Lebedev.cs)"; 1000; -0,378;2|3 ;    6,681 ;        0;    6,681;        ∞
"Math_13_2(C:\git_reps\summer_practice\opaque-func-lib\Muradyan\TestingSystem\TestingSystem\Tests\Lebedev.cs)"; 1000; -0,374;2|3 ;    6,512 ;        0;    6,512;        ∞
"Math_13_2(C:\git_reps\summer_practice\opaque-func-lib\Muradyan\TestingSystem\TestingSystem\Tests\Lebedev.cs)"; 1000;  -0,37;2|3 ;    6,348 ;        0;    6,348;        ∞
"Math_13_2(C:\git_reps\summer_practice\opaque-func-lib\Muradyan\TestingSystem\TestingSystem\Tests\Lebedev.cs)"; 1000; -0,366;2|3 ;    6,189 ;        0;    6,189;        ∞
"Math_13_2(C:\git_reps\summer_practice\opaque-func-lib\Muradyan\TestingSystem\TestingSystem\Tests\Lebedev.cs)"; 1000; -0,362;2|3 ;    6,036 ;        0;    6,036;        ∞
"Math_13_2(C:\git_reps\summer_practice\opaque-func-lib\Muradyan\TestingSystem\TestingSystem\Tests\Lebedev.cs)"; 1000; -0,358;2|3 ;    5,887 ;        0;    5,887;        ∞
"Math_13_2(C:\git_reps\summer_practice\opaque-func-lib\Muradyan\TestingSystem\TestingSystem\Tests\Lebedev.cs)"; 1000; -0,354;2|3 ;    5,742 ;        0;    5,742;        ∞
"Math_13_2(C:\git_reps\summer_practice\opaque-func-lib\Muradyan\TestingSystem\TestingSystem\Tests\Lebedev.cs)"; 1000;  -0,35;2|3 ;    5,602 ;        0;    5,602;        ∞
"Math_13_2(C:\git_reps\summer_practice\opaque-func-lib\Muradyan\TestingSystem\TestingSystem\Tests\Lebedev.cs)"; 1000; -0,346;2|3 ;    5,466 ;        0;    5,466;        ∞
"Math_13_2(C:\git_reps\summer_practice\opaque-func-lib\Muradyan\TestingSystem\TestingSystem\Tests\Lebedev.cs)"; 1000; -0,342;2|3 ;    5,335 ;        0;    5,335;        ∞
"Math_13_2(C:\git_reps\summer_practice\opaque-func-lib\Muradyan\TestingSystem\TestingSystem\Tests\Lebedev.cs)"; 1000; -0,338;2|3 ;    5,207 ;        0;    5,207;        ∞
"Math_13_2(C:\git_reps\summer_practice\opaque-func-lib\Muradyan\TestingSystem\TestingSystem\Tests\Lebedev.cs)"; 1000; -0,334;2|3 ;    5,083 ;        0;    5,083;        ∞
"Math_13_2(C:\git_reps\summer_practice\opaque-func-lib\Muradyan\TestingSystem\TestingSystem\Tests\Lebedev.cs)"; 1000;  -0,33;2|3 ;    4,963 ;        0;    4,963;        ∞
"Math_13_2(C:\git_reps\summer_practice\opaque-func-lib\Muradyan\TestingSystem\TestingSystem\Tests\Lebedev.cs)"; 1000; -0,326;2|3 ;    4,846 ;        0;    4,846;        ∞
"Math_13_2(C:\git_reps\summer_practice\opaque-func-lib\Muradyan\TestingSystem\TestingSystem\Tests\Lebedev.cs)"; 1000; -0,322;2|3 ;    4,732 ;        0;    4,732;        ∞
"Math_13_2(C:\git_reps\summer_practice\opaque-func-lib\Muradyan\TestingSystem\TestingSystem\Tests\Lebedev.cs)"; 1000; -0,318;2|3 ;    4,622 ;        0;    4,622;        ∞
"Math_13_2(C:\git_reps\summer_practice\opaque-func-lib\Muradyan\TestingSystem\TestingSystem\Tests\Lebedev.cs)"; 1000; -0,314;2|3 ;    4,515 ;        0;    4,515;        ∞
"Math_13_2(C:\git_reps\summer_practice\opaque-func-lib\Muradyan\TestingSystem\TestingSystem\Tests\Lebedev.cs)"; 1000;  -0,31;2|3 ;    4,412 ;        0;    4,412;        ∞
"Math_13_2(C:\git_reps\summer_practice\opaque-func-lib\Muradyan\TestingSystem\TestingSystem\Tests\Lebedev.cs)"; 1000; -0,306;2|3 ;    4,311 ;        0;    4,311;        ∞
"Math_13_2(C:\git_reps\summer_practice\opaque-func-lib\Muradyan\TestingSystem\TestingSystem\Tests\Lebedev.cs)"; 1000; -0,302;2|3 ;    4,213 ;        0;    4,213;        ∞
"Math_13_2(C:\git_reps\summer_practice\opaque-func-lib\Muradyan\TestingSystem\TestingSystem\Tests\Lebedev.cs)"; 1000; -0,298;2|3 ;    4,118 ;        0;    4,118;        ∞
"Math_13_2(C:\git_reps\summer_practice\opaque-func-lib\Muradyan\TestingSystem\TestingSystem\Tests\Lebedev.cs)"; 1000; -0,294;2|3 ;    4,025 ;        0;    4,025;        ∞
"Math_13_2(C:\git_reps\summer_practice\opaque-func-lib\Muradyan\TestingSystem\TestingSystem\Tests\Lebedev.cs)"; 1000;  -0,29;2|3 ;    3,935 ;        0;    3,935;        ∞
"Math_13_2(C:\git_reps\summer_practice\opaque-func-lib\Muradyan\TestingSystem\TestingSystem\Tests\Lebedev.cs)"; 1000; -0,286;2|3 ;    3,848 ;        0;    3,848;        ∞
"Math_13_2(C:\git_reps\summer_practice\opaque-func-lib\Muradyan\TestingSystem\TestingSystem\Tests\Lebedev.cs)"; 1000; -0,282;2|3 ;    3,763 ;        0;    3,763;        ∞
"Math_13_2(C:\git_reps\summer_practice\opaque-func-lib\Muradyan\TestingSystem\TestingSystem\Tests\Lebedev.cs)"; 1000; -0,278;2|3 ;     3,68 ;        0;     3,68;        ∞
"Math_13_2(C:\git_reps\summer_practice\opaque-func-lib\Muradyan\TestingSystem\TestingSystem\Tests\Lebedev.cs)"; 1000; -0,274;2|3 ;      3,6 ;        0;      3,6;        ∞
"Math_13_2(C:\git_reps\summer_practice\opaque-func-lib\Muradyan\TestingSystem\TestingSystem\Tests\Lebedev.cs)"; 1000;  -0,27;2|3 ;    3,521 ;        0;    3,521;        ∞
"Math_13_2(C:\git_reps\summer_practice\opaque-func-lib\Muradyan\TestingSystem\TestingSystem\Tests\Lebedev.cs)"; 1000; -0,266;2|3 ;    3,445 ;        0;    3,445;        ∞
"Math_13_2(C:\git_reps\summer_practice\opaque-func-lib\Muradyan\TestingSystem\TestingSystem\Tests\Lebedev.cs)"; 1000; -0,262;2|3 ;    3,371 ;        0;    3,371;        ∞
"Math_13_2(C:\git_reps\summer_practice\opaque-func-lib\Muradyan\TestingSystem\TestingSystem\Tests\Lebedev.cs)"; 1000; -0,258;2|3 ;    3,299 ;        0;    3,299;        ∞
"Math_13_2(C:\git_reps\summer_practice\opaque-func-lib\Muradyan\TestingSystem\TestingSystem\Tests\Lebedev.cs)"; 1000; -0,254;2|3 ;    3,229 ;        0;    3,229;        ∞
"Math_13_2(C:\git_reps\summer_practice\opaque-func-lib\Muradyan\TestingSystem\TestingSystem\Tests\Lebedev.cs)"; 1000;  -0,25;2|3 ;     3,16 ;        0;     3,16;        ∞
"Math_13_2(C:\git_reps\summer_practice\opaque-func-lib\Muradyan\TestingSystem\TestingSystem\Tests\Lebedev.cs)"; 1000; -0,246;2|3 ;    3,094 ;        0;    3,094;        ∞
"Math_13_2(C:\git_reps\summer_practice\opaque-func-lib\Muradyan\TestingSystem\TestingSystem\Tests\Lebedev.cs)"; 1000; -0,242;2|3 ;    3,029 ;        0;    3,029;        ∞
"Math_13_2(C:\git_reps\summer_practice\opaque-func-lib\Muradyan\TestingSystem\TestingSystem\Tests\Lebedev.cs)"; 1000; -0,238;2|3 ;    2,966 ;        0;    2,966;        ∞
"Math_13_2(C:\git_reps\summer_practice\opaque-func-lib\Muradyan\TestingSystem\TestingSystem\Tests\Lebedev.cs)"; 1000; -0,234;2|3 ;    2,905 ;        0;    2,905;        ∞
"Math_13_2(C:\git_reps\summer_practice\opaque-func-lib\Muradyan\TestingSystem\TestingSystem\Tests\Lebedev.cs)"; 1000;  -0,23;2|3 ;    2,845 ;        0;    2,845;        ∞
"Math_13_2(C:\git_reps\summer_practice\opaque-func-lib\Muradyan\TestingSystem\TestingSystem\Tests\Lebedev.cs)"; 1000; -0,226;2|3 ;    2,786 ;        0;    2,786;        ∞
"Math_13_2(C:\git_reps\summer_practice\opaque-func-lib\Muradyan\TestingSystem\TestingSystem\Tests\Lebedev.cs)"; 1000; -0,222;2|3 ;    2,729 ;        0;    2,729;        ∞
"Math_13_2(C:\git_reps\summer_practice\opaque-func-lib\Muradyan\TestingSystem\TestingSystem\Tests\Lebedev.cs)"; 1000; -0,218;2|3 ;    2,674 ;        0;    2,674;        ∞
"Math_13_2(C:\git_reps\summer_practice\opaque-func-lib\Muradyan\TestingSystem\TestingSystem\Tests\Lebedev.cs)"; 1000; -0,214;2|3 ;     2,62 ;        0;     2,62;        ∞
"Math_13_2(C:\git_reps\summer_practice\opaque-func-lib\Muradyan\TestingSystem\TestingSystem\Tests\Lebedev.cs)"; 1000;  -0,21;2|3 ;    2,567 ;        0;    2,567;        ∞
"Math_13_2(C:\git_reps\summer_practice\opaque-func-lib\Muradyan\TestingSystem\TestingSystem\Tests\Lebedev.cs)"; 1000; -0,206;2|3 ;    2,516 ;        0;    2,516;        ∞
"Math_13_2(C:\git_reps\summer_practice\opaque-func-lib\Muradyan\TestingSystem\TestingSystem\Tests\Lebedev.cs)"; 1000; -0,202;2|3 ;    2,466 ;        0;    2,466;        ∞
"Math_13_2(C:\git_reps\summer_practice\opaque-func-lib\Muradyan\TestingSystem\TestingSystem\Tests\Lebedev.cs)"; 1000; -0,198;2|3 ;    2,417 ;        0;    2,417;        ∞
"Math_13_2(C:\git_reps\summer_practice\opaque-func-lib\Muradyan\TestingSystem\TestingSystem\Tests\Lebedev.cs)"; 1000; -0,194;2|3 ;     2,37 ;        0;     2,37;        ∞
"Math_13_2(C:\git_reps\summer_practice\opaque-func-lib\Muradyan\TestingSystem\TestingSystem\Tests\Lebedev.cs)"; 1000;  -0,19;2|3 ;    2,323 ;        0;    2,323;        ∞
"Math_13_2(C:\git_reps\summer_practice\opaque-func-lib\Muradyan\TestingSystem\TestingSystem\Tests\Lebedev.cs)"; 1000; -0,186;2|3 ;    2,278 ;        0;    2,278;        ∞
"Math_13_2(C:\git_reps\summer_practice\opaque-func-lib\Muradyan\TestingSystem\TestingSystem\Tests\Lebedev.cs)"; 1000; -0,182;2|3 ;    2,234 ;        0;    2,234;        ∞
"Math_13_2(C:\git_reps\summer_practice\opaque-func-lib\Muradyan\TestingSystem\TestingSystem\Tests\Lebedev.cs)"; 1000; -0,178;2|3 ;     2,19 ;        0;     2,19;        ∞
"Math_13_2(C:\git_reps\summer_practice\opaque-func-lib\Muradyan\TestingSystem\TestingSystem\Tests\Lebedev.cs)"; 1000; -0,174;2|3 ;    2,148 ;        0;    2,148;        ∞
"Math_13_2(C:\git_reps\summer_practice\opaque-func-lib\Muradyan\TestingSystem\TestingSystem\Tests\Lebedev.cs)"; 1000;  -0,17;2|3 ;    2,107 ;        0;    2,107;        ∞
"Math_13_2(C:\git_reps\summer_practice\opaque-func-lib\Muradyan\TestingSystem\TestingSystem\Tests\Lebedev.cs)"; 1000; -0,166;2|3 ;    2,067 ;        0;    2,067;        ∞
"Math_13_2(C:\git_reps\summer_practice\opaque-func-lib\Muradyan\TestingSystem\TestingSystem\Tests\Lebedev.cs)"; 1000; -0,162;2|3 ;    2,028 ;        0;    2,028;        ∞
"Math_13_2(C:\git_reps\summer_practice\opaque-func-lib\Muradyan\TestingSystem\TestingSystem\Tests\Lebedev.cs)"; 1000; -0,158;2|3 ;     1,99 ;        0;     1,99;        ∞
"Math_13_2(C:\git_reps\summer_practice\opaque-func-lib\Muradyan\TestingSystem\TestingSystem\Tests\Lebedev.cs)"; 1000; -0,154;2|3 ;    1,952 ;        0;    1,952;        ∞
"Math_13_2(C:\git_reps\summer_practice\opaque-func-lib\Muradyan\TestingSystem\TestingSystem\Tests\Lebedev.cs)"; 1000;  -0,15;2|3 ;    1,916 ;        0;    1,916;        ∞
"Math_13_2(C:\git_reps\summer_practice\opaque-func-lib\Muradyan\TestingSystem\TestingSystem\Tests\Lebedev.cs)"; 1000; -0,146;2|3 ;     1,88 ;        0;     1,88;        ∞
"Math_13_2(C:\git_reps\summer_practice\opaque-func-lib\Muradyan\TestingSystem\TestingSystem\Tests\Lebedev.cs)"; 1000; -0,142;2|3 ;    1,845 ;        0;    1,845;        ∞
"Math_13_2(C:\git_reps\summer_practice\opaque-func-lib\Muradyan\TestingSystem\TestingSystem\Tests\Lebedev.cs)"; 1000; -0,138;2|3 ;    1,811 ;        0;    1,811;        ∞
"Math_13_2(C:\git_reps\summer_practice\opaque-func-lib\Muradyan\TestingSystem\TestingSystem\Tests\Lebedev.cs)"; 1000; -0,134;2|3 ;    1,778 ;        0;    1,778;        ∞
"Math_13_2(C:\git_reps\summer_practice\opaque-func-lib\Muradyan\TestingSystem\TestingSystem\Tests\Lebedev.cs)"; 1000;  -0,13;2|3 ;    1,746 ;        0;    1,746;        ∞
"Math_13_2(C:\git_reps\summer_practice\opaque-func-lib\Muradyan\TestingSystem\TestingSystem\Tests\Lebedev.cs)"; 1000; -0,126;2|3 ;    1,714 ;        0;    1,714;        ∞
"Math_13_2(C:\git_reps\summer_practice\opaque-func-lib\Muradyan\TestingSystem\TestingSystem\Tests\Lebedev.cs)"; 1000; -0,122;2|3 ;    1,683 ;        0;    1,683;        ∞
"Math_13_2(C:\git_reps\summer_practice\opaque-func-lib\Muradyan\TestingSystem\TestingSystem\Tests\Lebedev.cs)"; 1000; -0,118;2|3 ;    1,652 ;        0;    1,652;        ∞
"Math_13_2(C:\git_reps\summer_practice\opaque-func-lib\Muradyan\TestingSystem\TestingSystem\Tests\Lebedev.cs)"; 1000; -0,114;2|3 ;    1,623 ;        0;    1,623;        ∞
"Math_13_2(C:\git_reps\summer_practice\opaque-func-lib\Muradyan\TestingSystem\TestingSystem\Tests\Lebedev.cs)"; 1000;  -0,11;2|3 ;    1,594 ;        0;    1,594;        ∞
"Math_13_2(C:\git_reps\summer_practice\opaque-func-lib\Muradyan\TestingSystem\TestingSystem\Tests\Lebedev.cs)"; 1000; -0,106;2|3 ;    1,565 ;        0;    1,565;        ∞
"Math_13_2(C:\git_reps\summer_practice\opaque-func-lib\Muradyan\TestingSystem\TestingSystem\Tests\Lebedev.cs)"; 1000; -0,102;2|3 ;    1,538 ;        0;    1,538;        ∞
"Math_13_2(C:\git_reps\summer_practice\opaque-func-lib\Muradyan\TestingSystem\TestingSystem\Tests\Lebedev.cs)"; 1000; -0,098;2|3 ;    1,511 ;        0;    1,511;        ∞
"Math_13_2(C:\git_reps\summer_practice\opaque-func-lib\Muradyan\TestingSystem\TestingSystem\Tests\Lebedev.cs)"; 1000; -0,094;2|3 ;    1,484 ;        0;    1,484;        ∞
"Math_13_2(C:\git_reps\summer_practice\opaque-func-lib\Muradyan\TestingSystem\TestingSystem\Tests\Lebedev.cs)"; 1000;  -0,09;2|3 ;    1,458 ;        0;    1,458;        ∞
"Math_13_2(C:\git_reps\summer_practice\opaque-func-lib\Muradyan\TestingSystem\TestingSystem\Tests\Lebedev.cs)"; 1000; -0,086;2|3 ;    1,433 ;        0;    1,433;        ∞
"Math_13_2(C:\git_reps\summer_practice\opaque-func-lib\Muradyan\TestingSystem\TestingSystem\Tests\Lebedev.cs)"; 1000; -0,082;2|3 ;    1,408 ;        0;    1,408;        ∞
"Math_13_2(C:\git_reps\summer_practice\opaque-func-lib\Muradyan\TestingSystem\TestingSystem\Tests\Lebedev.cs)"; 1000; -0,078;2|3 ;    1,384 ;        0;    1,384;        ∞
"Math_13_2(C:\git_reps\summer_practice\opaque-func-lib\Muradyan\TestingSystem\TestingSystem\Tests\Lebedev.cs)"; 1000; -0,074;2|3 ;     1,36 ;        0;     1,36;        ∞
"Math_13_2(C:\git_reps\summer_practice\opaque-func-lib\Muradyan\TestingSystem\TestingSystem\Tests\Lebedev.cs)"; 1000;  -0,07;2|3 ;    1,337 ;        0;    1,337;        ∞
"Math_13_2(C:\git_reps\summer_practice\opaque-func-lib\Muradyan\TestingSystem\TestingSystem\Tests\Lebedev.cs)"; 1000; -0,066;2|3 ;    1,314 ;        0;    1,314;        ∞
"Math_13_2(C:\git_reps\summer_practice\opaque-func-lib\Muradyan\TestingSystem\TestingSystem\Tests\Lebedev.cs)"; 1000; -0,062;2|3 ;    1,292 ;        0;    1,292;        ∞
"Math_13_2(C:\git_reps\summer_practice\opaque-func-lib\Muradyan\TestingSystem\TestingSystem\Tests\Lebedev.cs)"; 1000; -0,058;2|3 ;     1,27 ;        0;     1,27;        ∞
"Math_13_2(C:\git_reps\summer_practice\opaque-func-lib\Muradyan\TestingSystem\TestingSystem\Tests\Lebedev.cs)"; 1000; -0,054;2|3 ;    1,249 ;        0;    1,249;        ∞
"Math_13_2(C:\git_reps\summer_practice\opaque-func-lib\Muradyan\TestingSystem\TestingSystem\Tests\Lebedev.cs)"; 1000;  -0,05;2|3 ;    1,228 ;        0;    1,228;        ∞
"Math_13_2(C:\git_reps\summer_practice\opaque-func-lib\Muradyan\TestingSystem\TestingSystem\Tests\Lebedev.cs)"; 1000; -0,046;2|3 ;    1,207 ;        0;    1,207;        ∞
"Math_13_2(C:\git_reps\summer_practice\opaque-func-lib\Muradyan\TestingSystem\TestingSystem\Tests\Lebedev.cs)"; 1000; -0,042;2|3 ;    1,187 ;        0;    1,187;        ∞
"Math_13_2(C:\git_reps\summer_practice\opaque-func-lib\Muradyan\TestingSystem\TestingSystem\Tests\Lebedev.cs)"; 1000; -0,038;2|3 ;    1,168 ;        0;    1,168;        ∞
"Math_13_2(C:\git_reps\summer_practice\opaque-func-lib\Muradyan\TestingSystem\TestingSystem\Tests\Lebedev.cs)"; 1000; -0,034;2|3 ;    1,148 ;        0;    1,148;        ∞
"Math_13_2(C:\git_reps\summer_practice\opaque-func-lib\Muradyan\TestingSystem\TestingSystem\Tests\Lebedev.cs)"; 1000;  -0,03;2|3 ;     1,13 ;        0;     1,13;        ∞
"Math_13_2(C:\git_reps\summer_practice\opaque-func-lib\Muradyan\TestingSystem\TestingSystem\Tests\Lebedev.cs)"; 1000; -0,026;2|3 ;    1,111 ;        0;    1,111;        ∞
"Math_13_2(C:\git_reps\summer_practice\opaque-func-lib\Muradyan\TestingSystem\TestingSystem\Tests\Lebedev.cs)"; 1000; -0,022;2|3 ;    1,093 ;        0;    1,093;        ∞
"Math_13_2(C:\git_reps\summer_practice\opaque-func-lib\Muradyan\TestingSystem\TestingSystem\Tests\Lebedev.cs)"; 1000; -0,018;2|3 ;    1,075 ;        0;    1,075;        ∞
"Math_13_2(C:\git_reps\summer_practice\opaque-func-lib\Muradyan\TestingSystem\TestingSystem\Tests\Lebedev.cs)"; 1000; -0,014;2|3 ;    1,058 ;        0;    1,058;        ∞
"Math_13_2(C:\git_reps\summer_practice\opaque-func-lib\Muradyan\TestingSystem\TestingSystem\Tests\Lebedev.cs)"; 1000;  -0,01;2|3 ;    1,041 ;        0;    1,041;        ∞
"Math_13_2(C:\git_reps\summer_practice\opaque-func-lib\Muradyan\TestingSystem\TestingSystem\Tests\Lebedev.cs)"; 1000; -0,006;2|3 ;    1,024 ;        0;    1,024;        ∞
"Math_13_2(C:\git_reps\summer_practice\opaque-func-lib\Muradyan\TestingSystem\TestingSystem\Tests\Lebedev.cs)"; 1000; -0,002;2|3 ;    1,008 ;        0;    1,008;        ∞
"Math_13_2(C:\git_reps\summer_practice\opaque-func-lib\Muradyan\TestingSystem\TestingSystem\Tests\Lebedev.cs)"; 1000;  0,002;2|3 ;    0,992 ;        0;    0,992;        ∞
"Math_13_2(C:\git_reps\summer_practice\opaque-func-lib\Muradyan\TestingSystem\TestingSystem\Tests\Lebedev.cs)"; 1000;  0,006;2|3 ;   0,9764 ;        0;   0,9764;        ∞
"Math_13_2(C:\git_reps\summer_practice\opaque-func-lib\Muradyan\TestingSystem\TestingSystem\Tests\Lebedev.cs)"; 1000;   0,01;2|3 ;    0,961 ;        0;    0,961;        ∞
"Math_13_2(C:\git_reps\summer_practice\opaque-func-lib\Muradyan\TestingSystem\TestingSystem\Tests\Lebedev.cs)"; 1000;  0,014;2|3 ;   0,9459 ;        0;   0,9459;        ∞
"Math_13_2(C:\git_reps\summer_practice\opaque-func-lib\Muradyan\TestingSystem\TestingSystem\Tests\Lebedev.cs)"; 1000;  0,018;2|3 ;   0,9311 ;        0;   0,9311;        ∞
"Math_13_2(C:\git_reps\summer_practice\opaque-func-lib\Muradyan\TestingSystem\TestingSystem\Tests\Lebedev.cs)"; 1000;  0,022;2|3 ;   0,9166 ;        0;   0,9166;        ∞
"Math_13_2(C:\git_reps\summer_practice\opaque-func-lib\Muradyan\TestingSystem\TestingSystem\Tests\Lebedev.cs)"; 1000;  0,026;2|3 ;   0,9024 ;        0;   0,9024;        ∞
"Math_13_2(C:\git_reps\summer_practice\opaque-func-lib\Muradyan\TestingSystem\TestingSystem\Tests\Lebedev.cs)"; 1000;   0,03;2|3 ;   0,8885 ;        0;   0,8885;        ∞
"Math_13_2(C:\git_reps\summer_practice\opaque-func-lib\Muradyan\TestingSystem\TestingSystem\Tests\Lebedev.cs)"; 1000;  0,034;2|3 ;   0,8748 ;        0;   0,8748;        ∞
"Math_13_2(C:\git_reps\summer_practice\opaque-func-lib\Muradyan\TestingSystem\TestingSystem\Tests\Lebedev.cs)"; 1000;  0,038;2|3 ;   0,8614 ;        0;   0,8614;        ∞
"Math_13_2(C:\git_reps\summer_practice\opaque-func-lib\Muradyan\TestingSystem\TestingSystem\Tests\Lebedev.cs)"; 1000;  0,042;2|3 ;   0,8483 ;        0;   0,8483;        ∞
"Math_13_2(C:\git_reps\summer_practice\opaque-func-lib\Muradyan\TestingSystem\TestingSystem\Tests\Lebedev.cs)"; 1000;  0,046;2|3 ;   0,8354 ;        0;   0,8354;        ∞
"Math_13_2(C:\git_reps\summer_practice\opaque-func-lib\Muradyan\TestingSystem\TestingSystem\Tests\Lebedev.cs)"; 1000;   0,05;2|3 ;   0,8227 ;        0;   0,8227;        ∞
"Math_13_2(C:\git_reps\summer_practice\opaque-func-lib\Muradyan\TestingSystem\TestingSystem\Tests\Lebedev.cs)"; 1000;  0,054;2|3 ;   0,8103 ;        0;   0,8103;        ∞
"Math_13_2(C:\git_reps\summer_practice\opaque-func-lib\Muradyan\TestingSystem\TestingSystem\Tests\Lebedev.cs)"; 1000;  0,058;2|3 ;   0,7981 ;        0;   0,7981;        ∞
"Math_13_2(C:\git_reps\summer_practice\opaque-func-lib\Muradyan\TestingSystem\TestingSystem\Tests\Lebedev.cs)"; 1000;  0,062;2|3 ;   0,7861 ;        0;   0,7861;        ∞
"Math_13_2(C:\git_reps\summer_practice\opaque-func-lib\Muradyan\TestingSystem\TestingSystem\Tests\Lebedev.cs)"; 1000;  0,066;2|3 ;   0,7744 ;        0;   0,7744;        ∞
"Math_13_2(C:\git_reps\summer_practice\opaque-func-lib\Muradyan\TestingSystem\TestingSystem\Tests\Lebedev.cs)"; 1000;   0,07;2|3 ;   0,7629 ;        0;   0,7629;        ∞
"Math_13_2(C:\git_reps\summer_practice\opaque-func-lib\Muradyan\TestingSystem\TestingSystem\Tests\Lebedev.cs)"; 1000;  0,074;2|3 ;   0,7516 ;        0;   0,7516;        ∞
"Math_13_2(C:\git_reps\summer_practice\opaque-func-lib\Muradyan\TestingSystem\TestingSystem\Tests\Lebedev.cs)"; 1000;  0,078;2|3 ;   0,7405 ;        0;   0,7405;        ∞
"Math_13_2(C:\git_reps\summer_practice\opaque-func-lib\Muradyan\TestingSystem\TestingSystem\Tests\Lebedev.cs)"; 1000;  0,082;2|3 ;   0,7296 ;        0;   0,7296;        ∞
"Math_13_2(C:\git_reps\summer_practice\opaque-func-lib\Muradyan\TestingSystem\TestingSystem\Tests\Lebedev.cs)"; 1000;  0,086;2|3 ;   0,7189 ;        0;   0,7189;        ∞
"Math_13_2(C:\git_reps\summer_practice\opaque-func-lib\Muradyan\TestingSystem\TestingSystem\Tests\Lebedev.cs)"; 1000;   0,09;2|3 ;   0,7084 ;        0;   0,7084;        ∞
"Math_13_2(C:\git_reps\summer_practice\opaque-func-lib\Muradyan\TestingSystem\TestingSystem\Tests\Lebedev.cs)"; 1000;  0,094;2|3 ;   0,6981 ;        0;   0,6981;        ∞
"Math_13_2(C:\git_reps\summer_practice\opaque-func-lib\Muradyan\TestingSystem\TestingSystem\Tests\Lebedev.cs)"; 1000;  0,098;2|3 ;    0,688 ;        0;    0,688;        ∞
"Math_13_2(C:\git_reps\summer_practice\opaque-func-lib\Muradyan\TestingSystem\TestingSystem\Tests\Lebedev.cs)"; 1000;  0,102;2|3 ;   0,6781 ;        0;   0,6781;        ∞
"Math_13_2(C:\git_reps\summer_practice\opaque-func-lib\Muradyan\TestingSystem\TestingSystem\Tests\Lebedev.cs)"; 1000;  0,106;2|3 ;   0,6683 ;        0;   0,6683;        ∞
"Math_13_2(C:\git_reps\summer_practice\opaque-func-lib\Muradyan\TestingSystem\TestingSystem\Tests\Lebedev.cs)"; 1000;   0,11;2|3 ;   0,6587 ;        0;   0,6587;        ∞
"Math_13_2(C:\git_reps\summer_practice\opaque-func-lib\Muradyan\TestingSystem\TestingSystem\Tests\Lebedev.cs)"; 1000;  0,114;2|3 ;   0,6493 ;        0;   0,6493;        ∞
"Math_13_2(C:\git_reps\summer_practice\opaque-func-lib\Muradyan\TestingSystem\TestingSystem\Tests\Lebedev.cs)"; 1000;  0,118;2|3 ;   0,6401 ;        0;   0,6401;        ∞
"Math_13_2(C:\git_reps\summer_practice\opaque-func-lib\Muradyan\TestingSystem\TestingSystem\Tests\Lebedev.cs)"; 1000;  0,122;2|3 ;    0,631 ;        0;    0,631;        ∞
"Math_13_2(C:\git_reps\summer_practice\opaque-func-lib\Muradyan\TestingSystem\TestingSystem\Tests\Lebedev.cs)"; 1000;  0,126;2|3 ;   0,6221 ;        0;   0,6221;        ∞
"Math_13_2(C:\git_reps\summer_practice\opaque-func-lib\Muradyan\TestingSystem\TestingSystem\Tests\Lebedev.cs)"; 1000;   0,13;2|3 ;   0,6133 ;        0;   0,6133;        ∞
"Math_13_2(C:\git_reps\summer_practice\opaque-func-lib\Muradyan\TestingSystem\TestingSystem\Tests\Lebedev.cs)"; 1000;  0,134;2|3 ;   0,6047 ;        0;   0,6047;        ∞
"Math_13_2(C:\git_reps\summer_practice\opaque-func-lib\Muradyan\TestingSystem\TestingSystem\Tests\Lebedev.cs)"; 1000;  0,138;2|3 ;   0,5963 ;        0;   0,5963;        ∞
"Math_13_2(C:\git_reps\summer_practice\opaque-func-lib\Muradyan\TestingSystem\TestingSystem\Tests\Lebedev.cs)"; 1000;  0,142;2|3 ;   0,5879 ;        0;   0,5879;        ∞
"Math_13_2(C:\git_reps\summer_practice\opaque-func-lib\Muradyan\TestingSystem\TestingSystem\Tests\Lebedev.cs)"; 1000;  0,146;2|3 ;   0,5798 ;        0;   0,5798;        ∞
"Math_13_2(C:\git_reps\summer_practice\opaque-func-lib\Muradyan\TestingSystem\TestingSystem\Tests\Lebedev.cs)"; 1000;   0,15;2|3 ;   0,5718 ;        0;   0,5718;        ∞
"Math_13_2(C:\git_reps\summer_practice\opaque-func-lib\Muradyan\TestingSystem\TestingSystem\Tests\Lebedev.cs)"; 1000;  0,154;2|3 ;   0,5639 ;        0;   0,5639;        ∞
"Math_13_2(C:\git_reps\summer_practice\opaque-func-lib\Muradyan\TestingSystem\TestingSystem\Tests\Lebedev.cs)"; 1000;  0,158;2|3 ;   0,5561 ;        0;   0,5561;        ∞
"Math_13_2(C:\git_reps\summer_practice\opaque-func-lib\Muradyan\TestingSystem\TestingSystem\Tests\Lebedev.cs)"; 1000;  0,162;2|3 ;   0,5485 ;        0;   0,5485;        ∞
"Math_13_2(C:\git_reps\summer_practice\opaque-func-lib\Muradyan\TestingSystem\TestingSystem\Tests\Lebedev.cs)"; 1000;  0,166;2|3 ;    0,541 ;        0;    0,541;        ∞
"Math_13_2(C:\git_reps\summer_practice\opaque-func-lib\Muradyan\TestingSystem\TestingSystem\Tests\Lebedev.cs)"; 1000;   0,17;2|3 ;   0,5337 ;        0;   0,5337;        ∞
"Math_13_2(C:\git_reps\summer_practice\opaque-func-lib\Muradyan\TestingSystem\TestingSystem\Tests\Lebedev.cs)"; 1000;  0,174;2|3 ;   0,5264 ;        0;   0,5264;        ∞
"Math_13_2(C:\git_reps\summer_practice\opaque-func-lib\Muradyan\TestingSystem\TestingSystem\Tests\Lebedev.cs)"; 1000;  0,178;2|3 ;   0,5193 ;        0;   0,5193;        ∞
"Math_13_2(C:\git_reps\summer_practice\opaque-func-lib\Muradyan\TestingSystem\TestingSystem\Tests\Lebedev.cs)"; 1000;  0,182;2|3 ;   0,5123 ;        0;   0,5123;        ∞
"Math_13_2(C:\git_reps\summer_practice\opaque-func-lib\Muradyan\TestingSystem\TestingSystem\Tests\Lebedev.cs)"; 1000;  0,186;2|3 ;   0,5054 ;        0;   0,5054;        ∞
"Math_13_2(C:\git_reps\summer_practice\opaque-func-lib\Muradyan\TestingSystem\TestingSystem\Tests\Lebedev.cs)"; 1000;   0,19;2|3 ;   0,4987 ;        0;   0,4987;        ∞
"Math_13_2(C:\git_reps\summer_practice\opaque-func-lib\Muradyan\TestingSystem\TestingSystem\Tests\Lebedev.cs)"; 1000;  0,194;2|3 ;    0,492 ;        0;    0,492;        ∞
"Math_13_2(C:\git_reps\summer_practice\opaque-func-lib\Muradyan\TestingSystem\TestingSystem\Tests\Lebedev.cs)"; 1000;  0,198;2|3 ;   0,4855 ;        0;   0,4855;        ∞
"Math_13_2(C:\git_reps\summer_practice\opaque-func-lib\Muradyan\TestingSystem\TestingSystem\Tests\Lebedev.cs)"; 1000;  0,202;2|3 ;   0,4791 ;        0;   0,4791;        ∞
"Math_13_2(C:\git_reps\summer_practice\opaque-func-lib\Muradyan\TestingSystem\TestingSystem\Tests\Lebedev.cs)"; 1000;  0,206;2|3 ;   0,4727 ;        0;   0,4727;        ∞
"Math_13_2(C:\git_reps\summer_practice\opaque-func-lib\Muradyan\TestingSystem\TestingSystem\Tests\Lebedev.cs)"; 1000;   0,21;2|3 ;   0,4665 ;        0;   0,4665;        ∞
"Math_13_2(C:\git_reps\summer_practice\opaque-func-lib\Muradyan\TestingSystem\TestingSystem\Tests\Lebedev.cs)"; 1000;  0,214;2|3 ;   0,4604 ;        0;   0,4604;        ∞
"Math_13_2(C:\git_reps\summer_practice\opaque-func-lib\Muradyan\TestingSystem\TestingSystem\Tests\Lebedev.cs)"; 1000;  0,218;2|3 ;   0,4544 ;        0;   0,4544;        ∞
"Math_13_2(C:\git_reps\summer_practice\opaque-func-lib\Muradyan\TestingSystem\TestingSystem\Tests\Lebedev.cs)"; 1000;  0,222;2|3 ;   0,4485 ;        0;   0,4485;        ∞
"Math_13_2(C:\git_reps\summer_practice\opaque-func-lib\Muradyan\TestingSystem\TestingSystem\Tests\Lebedev.cs)"; 1000;  0,226;2|3 ;   0,4426 ;        0;   0,4426;        ∞
"Math_13_2(C:\git_reps\summer_practice\opaque-func-lib\Muradyan\TestingSystem\TestingSystem\Tests\Lebedev.cs)"; 1000;   0,23;2|3 ;   0,4369 ;        0;   0,4369;        ∞
"Math_13_2(C:\git_reps\summer_practice\opaque-func-lib\Muradyan\TestingSystem\TestingSystem\Tests\Lebedev.cs)"; 1000;  0,234;2|3 ;   0,4313 ;        0;   0,4313;        ∞
"Math_13_2(C:\git_reps\summer_practice\opaque-func-lib\Muradyan\TestingSystem\TestingSystem\Tests\Lebedev.cs)"; 1000;  0,238;2|3 ;   0,4257 ;        0;   0,4257;        ∞
"Math_13_2(C:\git_reps\summer_practice\opaque-func-lib\Muradyan\TestingSystem\TestingSystem\Tests\Lebedev.cs)"; 1000;  0,242;2|3 ;   0,4203 ;        0;   0,4203;        ∞
"Math_13_2(C:\git_reps\summer_practice\opaque-func-lib\Muradyan\TestingSystem\TestingSystem\Tests\Lebedev.cs)"; 1000;  0,246;2|3 ;   0,4149 ;        0;   0,4149;        ∞
"Math_13_2(C:\git_reps\summer_practice\opaque-func-lib\Muradyan\TestingSystem\TestingSystem\Tests\Lebedev.cs)"; 1000;   0,25;2|3 ;   0,4096 ;        0;   0,4096;        ∞
"Math_13_2(C:\git_reps\summer_practice\opaque-func-lib\Muradyan\TestingSystem\TestingSystem\Tests\Lebedev.cs)"; 1000;  0,254;2|3 ;   0,4044 ;        0;   0,4044;        ∞
"Math_13_2(C:\git_reps\summer_practice\opaque-func-lib\Muradyan\TestingSystem\TestingSystem\Tests\Lebedev.cs)"; 1000;  0,258;2|3 ;   0,3993 ;        0;   0,3993;        ∞
"Math_13_2(C:\git_reps\summer_practice\opaque-func-lib\Muradyan\TestingSystem\TestingSystem\Tests\Lebedev.cs)"; 1000;  0,262;2|3 ;   0,3942 ;        0;   0,3942;        ∞
"Math_13_2(C:\git_reps\summer_practice\opaque-func-lib\Muradyan\TestingSystem\TestingSystem\Tests\Lebedev.cs)"; 1000;  0,266;2|3 ;   0,3893 ;        0;   0,3893;        ∞
"Math_13_2(C:\git_reps\summer_practice\opaque-func-lib\Muradyan\TestingSystem\TestingSystem\Tests\Lebedev.cs)"; 1000;   0,27;2|3 ;   0,3844 ;        0;   0,3844;        ∞
"Math_13_2(C:\git_reps\summer_practice\opaque-func-lib\Muradyan\TestingSystem\TestingSystem\Tests\Lebedev.cs)"; 1000;  0,274;2|3 ;   0,3796 ;        0;   0,3796;        ∞
"Math_13_2(C:\git_reps\summer_practice\opaque-func-lib\Muradyan\TestingSystem\TestingSystem\Tests\Lebedev.cs)"; 1000;  0,278;2|3 ;   0,3749 ;        0;   0,3749;        ∞
"Math_13_2(C:\git_reps\summer_practice\opaque-func-lib\Muradyan\TestingSystem\TestingSystem\Tests\Lebedev.cs)"; 1000;  0,282;2|3 ;   0,3702 ;        0;   0,3702;        ∞
"Math_13_2(C:\git_reps\summer_practice\opaque-func-lib\Muradyan\TestingSystem\TestingSystem\Tests\Lebedev.cs)"; 1000;  0,286;2|3 ;   0,3656 ;        0;   0,3656;        ∞
"Math_13_2(C:\git_reps\summer_practice\opaque-func-lib\Muradyan\TestingSystem\TestingSystem\Tests\Lebedev.cs)"; 1000;   0,29;2|3 ;   0,3611 ;        0;   0,3611;        ∞
"Math_13_2(C:\git_reps\summer_practice\opaque-func-lib\Muradyan\TestingSystem\TestingSystem\Tests\Lebedev.cs)"; 1000;  0,294;2|3 ;   0,3567 ;        0;   0,3567;        ∞
"Math_13_2(C:\git_reps\summer_practice\opaque-func-lib\Muradyan\TestingSystem\TestingSystem\Tests\Lebedev.cs)"; 1000;  0,298;2|3 ;   0,3523 ;        0;   0,3523;        ∞
"Math_13_2(C:\git_reps\summer_practice\opaque-func-lib\Muradyan\TestingSystem\TestingSystem\Tests\Lebedev.cs)"; 1000;  0,302;2|3 ;    0,348 ;        0;    0,348;        ∞
"Math_13_2(C:\git_reps\summer_practice\opaque-func-lib\Muradyan\TestingSystem\TestingSystem\Tests\Lebedev.cs)"; 1000;  0,306;2|3 ;   0,3437 ;        0;   0,3437;        ∞
"Math_13_2(C:\git_reps\summer_practice\opaque-func-lib\Muradyan\TestingSystem\TestingSystem\Tests\Lebedev.cs)"; 1000;   0,31;2|3 ;   0,3396 ;        0;   0,3396;        ∞
"Math_13_2(C:\git_reps\summer_practice\opaque-func-lib\Muradyan\TestingSystem\TestingSystem\Tests\Lebedev.cs)"; 1000;  0,314;2|3 ;   0,3354 ;        0;   0,3354;        ∞
"Math_13_2(C:\git_reps\summer_practice\opaque-func-lib\Muradyan\TestingSystem\TestingSystem\Tests\Lebedev.cs)"; 1000;  0,318;2|3 ;   0,3314 ;        0;   0,3314;        ∞
"Math_13_2(C:\git_reps\summer_practice\opaque-func-lib\Muradyan\TestingSystem\TestingSystem\Tests\Lebedev.cs)"; 1000;  0,322;2|3 ;   0,3274 ;        0;   0,3274;        ∞
"Math_13_2(C:\git_reps\summer_practice\opaque-func-lib\Muradyan\TestingSystem\TestingSystem\Tests\Lebedev.cs)"; 1000;  0,326;2|3 ;   0,3235 ;        0;   0,3235;        ∞
"Math_13_2(C:\git_reps\summer_practice\opaque-func-lib\Muradyan\TestingSystem\TestingSystem\Tests\Lebedev.cs)"; 1000;   0,33;2|3 ;   0,3196 ;        0;   0,3196;        ∞
"Math_13_2(C:\git_reps\summer_practice\opaque-func-lib\Muradyan\TestingSystem\TestingSystem\Tests\Lebedev.cs)"; 1000;  0,334;2|3 ;   0,3158 ;        0;   0,3158;        ∞
"Math_13_2(C:\git_reps\summer_practice\opaque-func-lib\Muradyan\TestingSystem\TestingSystem\Tests\Lebedev.cs)"; 1000;  0,338;2|3 ;    0,312 ;        0;    0,312;        ∞
"Math_13_2(C:\git_reps\summer_practice\opaque-func-lib\Muradyan\TestingSystem\TestingSystem\Tests\Lebedev.cs)"; 1000;  0,342;2|3 ;   0,3083 ;        0;   0,3083;        ∞
"Math_13_2(C:\git_reps\summer_practice\opaque-func-lib\Muradyan\TestingSystem\TestingSystem\Tests\Lebedev.cs)"; 1000;  0,346;2|3 ;   0,3047 ;        0;   0,3047;        ∞
"Math_13_2(C:\git_reps\summer_practice\opaque-func-lib\Muradyan\TestingSystem\TestingSystem\Tests\Lebedev.cs)"; 1000;   0,35;2|3 ;   0,3011 ;        0;   0,3011;        ∞
"Math_13_2(C:\git_reps\summer_practice\opaque-func-lib\Muradyan\TestingSystem\TestingSystem\Tests\Lebedev.cs)"; 1000;  0,354;2|3 ;   0,2975 ;        0;   0,2975;        ∞
"Math_13_2(C:\git_reps\summer_practice\opaque-func-lib\Muradyan\TestingSystem\TestingSystem\Tests\Lebedev.cs)"; 1000;  0,358;2|3 ;    0,294 ;        0;    0,294;        ∞
"Math_13_2(C:\git_reps\summer_practice\opaque-func-lib\Muradyan\TestingSystem\TestingSystem\Tests\Lebedev.cs)"; 1000;  0,362;2|3 ;   0,2906 ;        0;   0,2906;        ∞
"Math_13_2(C:\git_reps\summer_practice\opaque-func-lib\Muradyan\TestingSystem\TestingSystem\Tests\Lebedev.cs)"; 1000;  0,366;2|3 ;   0,2872 ;        0;   0,2872;        ∞
"Math_13_2(C:\git_reps\summer_practice\opaque-func-lib\Muradyan\TestingSystem\TestingSystem\Tests\Lebedev.cs)"; 1000;   0,37;2|3 ;   0,2839 ;        0;   0,2839;        ∞
"Math_13_2(C:\git_reps\summer_practice\opaque-func-lib\Muradyan\TestingSystem\TestingSystem\Tests\Lebedev.cs)"; 1000;  0,374;2|3 ;   0,2806 ;        0;   0,2806;        ∞
"Math_13_2(C:\git_reps\summer_practice\opaque-func-lib\Muradyan\TestingSystem\TestingSystem\Tests\Lebedev.cs)"; 1000;  0,378;2|3 ;   0,2773 ;        0;   0,2773;        ∞
"Math_13_2(C:\git_reps\summer_practice\opaque-func-lib\Muradyan\TestingSystem\TestingSystem\Tests\Lebedev.cs)"; 1000;  0,382;2|3 ;   0,2741 ;        0;   0,2741;        ∞
"Math_13_2(C:\git_reps\summer_practice\opaque-func-lib\Muradyan\TestingSystem\TestingSystem\Tests\Lebedev.cs)"; 1000;  0,386;2|3 ;    0,271 ;        0;    0,271;        ∞
"Math_13_2(C:\git_reps\summer_practice\opaque-func-lib\Muradyan\TestingSystem\TestingSystem\Tests\Lebedev.cs)"; 1000;   0,39;2|3 ;   0,2679 ;        0;   0,2679;        ∞
"Math_13_2(C:\git_reps\summer_practice\opaque-func-lib\Muradyan\TestingSystem\TestingSystem\Tests\Lebedev.cs)"; 1000;  0,394;2|3 ;   0,2648 ;        0;   0,2648;        ∞
"Math_13_2(C:\git_reps\summer_practice\opaque-func-lib\Muradyan\TestingSystem\TestingSystem\Tests\Lebedev.cs)"; 1000;  0,398;2|3 ;   0,2618 ;        0;   0,2618;        ∞
"Math_13_2(C:\git_reps\summer_practice\opaque-func-lib\Muradyan\TestingSystem\TestingSystem\Tests\Lebedev.cs)"; 1000;  0,402;2|3 ;   0,2588 ;        0;   0,2588;        ∞
"Math_13_2(C:\git_reps\summer_practice\opaque-func-lib\Muradyan\TestingSystem\TestingSystem\Tests\Lebedev.cs)"; 1000;  0,406;2|3 ;   0,2559 ;        0;   0,2559;        ∞
"Math_13_2(C:\git_reps\summer_practice\opaque-func-lib\Muradyan\TestingSystem\TestingSystem\Tests\Lebedev.cs)"; 1000;   0,41;2|3 ;    0,253 ;        0;    0,253;        ∞
"Math_13_2(C:\git_reps\summer_practice\opaque-func-lib\Muradyan\TestingSystem\TestingSystem\Tests\Lebedev.cs)"; 1000;  0,414;2|3 ;   0,2502 ;        0;   0,2502;        ∞
"Math_13_2(C:\git_reps\summer_practice\opaque-func-lib\Muradyan\TestingSystem\TestingSystem\Tests\Lebedev.cs)"; 1000;  0,418;2|3 ;   0,2473 ;        0;   0,2473;        ∞
"Math_13_2(C:\git_reps\summer_practice\opaque-func-lib\Muradyan\TestingSystem\TestingSystem\Tests\Lebedev.cs)"; 1000;  0,422;2|3 ;   0,2446 ;        0;   0,2446;        ∞
"Math_13_2(C:\git_reps\summer_practice\opaque-func-lib\Muradyan\TestingSystem\TestingSystem\Tests\Lebedev.cs)"; 1000;  0,426;2|3 ;   0,2418 ;        0;   0,2418;        ∞
"Math_13_2(C:\git_reps\summer_practice\opaque-func-lib\Muradyan\TestingSystem\TestingSystem\Tests\Lebedev.cs)"; 1000;   0,43;2|3 ;   0,2391 ;        0;   0,2391;        ∞
"Math_13_2(C:\git_reps\summer_practice\opaque-func-lib\Muradyan\TestingSystem\TestingSystem\Tests\Lebedev.cs)"; 1000;  0,434;2|3 ;   0,2365 ;        0;   0,2365;        ∞
"Math_13_2(C:\git_reps\summer_practice\opaque-func-lib\Muradyan\TestingSystem\TestingSystem\Tests\Lebedev.cs)"; 1000;  0,438;2|3 ;   0,2339 ;        0;   0,2339;        ∞
"Math_13_2(C:\git_reps\summer_practice\opaque-func-lib\Muradyan\TestingSystem\TestingSystem\Tests\Lebedev.cs)"; 1000;  0,442;2|3 ;   0,2313 ;        0;   0,2313;        ∞
"Math_13_2(C:\git_reps\summer_practice\opaque-func-lib\Muradyan\TestingSystem\TestingSystem\Tests\Lebedev.cs)"; 1000;  0,446;2|3 ;   0,2287 ;        0;   0,2287;        ∞
"Math_13_2(C:\git_reps\summer_practice\opaque-func-lib\Muradyan\TestingSystem\TestingSystem\Tests\Lebedev.cs)"; 1000;   0,45;2|3 ;   0,2262 ;        0;   0,2262;        ∞
"Math_13_2(C:\git_reps\summer_practice\opaque-func-lib\Muradyan\TestingSystem\TestingSystem\Tests\Lebedev.cs)"; 1000;  0,454;2|3 ;   0,2237 ;        0;   0,2237;        ∞
"Math_13_2(C:\git_reps\summer_practice\opaque-func-lib\Muradyan\TestingSystem\TestingSystem\Tests\Lebedev.cs)"; 1000;  0,458;2|3 ;   0,2213 ;        0;   0,2213;        ∞
"Math_13_2(C:\git_reps\summer_practice\opaque-func-lib\Muradyan\TestingSystem\TestingSystem\Tests\Lebedev.cs)"; 1000;  0,462;2|3 ;   0,2189 ;        0;   0,2189;        ∞
"Math_13_2(C:\git_reps\summer_practice\opaque-func-lib\Muradyan\TestingSystem\TestingSystem\Tests\Lebedev.cs)"; 1000;  0,466;2|3 ;   0,2165 ;        0;   0,2165;        ∞
"Math_13_2(C:\git_reps\summer_practice\opaque-func-lib\Muradyan\TestingSystem\TestingSystem\Tests\Lebedev.cs)"; 1000;   0,47;2|3 ;   0,2142 ;        0;   0,2142;        ∞
"Math_13_2(C:\git_reps\summer_practice\opaque-func-lib\Muradyan\TestingSystem\TestingSystem\Tests\Lebedev.cs)"; 1000;  0,474;2|3 ;   0,2118 ;        0;   0,2118;        ∞
"Math_13_2(C:\git_reps\summer_practice\opaque-func-lib\Muradyan\TestingSystem\TestingSystem\Tests\Lebedev.cs)"; 1000;  0,478;2|3 ;   0,2096 ;        0;   0,2096;        ∞
"Math_13_2(C:\git_reps\summer_practice\opaque-func-lib\Muradyan\TestingSystem\TestingSystem\Tests\Lebedev.cs)"; 1000;  0,482;2|3 ;   0,2073 ;        0;   0,2073;        ∞
"Math_13_2(C:\git_reps\summer_practice\opaque-func-lib\Muradyan\TestingSystem\TestingSystem\Tests\Lebedev.cs)"; 1000;  0,486;2|3 ;   0,2051 ;        0;   0,2051;        ∞
"Math_13_2(C:\git_reps\summer_practice\opaque-func-lib\Muradyan\TestingSystem\TestingSystem\Tests\Lebedev.cs)"; 1000;   0,49;2|3 ;   0,2029 ;        0;   0,2029;        ∞
"Math_13_2(C:\git_reps\summer_practice\opaque-func-lib\Muradyan\TestingSystem\TestingSystem\Tests\Lebedev.cs)"; 1000;  0,494;2|3 ;   0,2007 ;        0;   0,2007;        ∞
"Math_13_2(C:\git_reps\summer_practice\opaque-func-lib\Muradyan\TestingSystem\TestingSystem\Tests\Lebedev.cs)"; 1000;  0,498;2|3 ;   0,1986 ;        0;   0,1986;        ∞
"Math_13_2(C:\git_reps\summer_practice\opaque-func-lib\Muradyan\TestingSystem\TestingSystem\Tests\Lebedev.cs)"; 1000;  0,502;2|3 ;   0,1965 ;        0;   0,1965;        ∞
"Math_13_2(C:\git_reps\summer_practice\opaque-func-lib\Muradyan\TestingSystem\TestingSystem\Tests\Lebedev.cs)"; 1000;  0,506;2|3 ;   0,1944 ;        0;   0,1944;        ∞
"Math_13_2(C:\git_reps\summer_practice\opaque-func-lib\Muradyan\TestingSystem\TestingSystem\Tests\Lebedev.cs)"; 1000;   0,51;2|3 ;   0,1924 ;        0;   0,1924;        ∞
"Math_13_2(C:\git_reps\summer_practice\opaque-func-lib\Muradyan\TestingSystem\TestingSystem\Tests\Lebedev.cs)"; 1000;  0,514;2|3 ;   0,1903 ;        0;   0,1903;        ∞
"Math_13_2(C:\git_reps\summer_practice\opaque-func-lib\Muradyan\TestingSystem\TestingSystem\Tests\Lebedev.cs)"; 1000;  0,518;2|3 ;   0,1883 ;        0;   0,1883;        ∞
"Math_13_2(C:\git_reps\summer_practice\opaque-func-lib\Muradyan\TestingSystem\TestingSystem\Tests\Lebedev.cs)"; 1000;  0,522;2|3 ;   0,1864 ;        0;   0,1864;        ∞
"Math_13_2(C:\git_reps\summer_practice\opaque-func-lib\Muradyan\TestingSystem\TestingSystem\Tests\Lebedev.cs)"; 1000;  0,526;2|3 ;   0,1844 ;        0;   0,1844;        ∞
"Math_13_2(C:\git_reps\summer_practice\opaque-func-lib\Muradyan\TestingSystem\TestingSystem\Tests\Lebedev.cs)"; 1000;   0,53;2|3 ;   0,1825 ;        0;   0,1825;        ∞
"Math_13_2(C:\git_reps\summer_practice\opaque-func-lib\Muradyan\TestingSystem\TestingSystem\Tests\Lebedev.cs)"; 1000;  0,534;2|3 ;   0,1806 ;        0;   0,1806;        ∞
"Math_13_2(C:\git_reps\summer_practice\opaque-func-lib\Muradyan\TestingSystem\TestingSystem\Tests\Lebedev.cs)"; 1000;  0,538;2|3 ;   0,1787 ;        0;   0,1787;        ∞
"Math_13_2(C:\git_reps\summer_practice\opaque-func-lib\Muradyan\TestingSystem\TestingSystem\Tests\Lebedev.cs)"; 1000;  0,542;2|3 ;   0,1769 ;        0;   0,1769;        ∞
"Math_13_2(C:\git_reps\summer_practice\opaque-func-lib\Muradyan\TestingSystem\TestingSystem\Tests\Lebedev.cs)"; 1000;  0,546;2|3 ;    0,175 ;        0;    0,175;        ∞
"Math_13_2(C:\git_reps\summer_practice\opaque-func-lib\Muradyan\TestingSystem\TestingSystem\Tests\Lebedev.cs)"; 1000;   0,55;2|3 ;   0,1732 ;        0;   0,1732;        ∞
"Math_13_2(C:\git_reps\summer_practice\opaque-func-lib\Muradyan\TestingSystem\TestingSystem\Tests\Lebedev.cs)"; 1000;  0,554;2|3 ;   0,1715 ;        0;   0,1715;        ∞
"Math_13_2(C:\git_reps\summer_practice\opaque-func-lib\Muradyan\TestingSystem\TestingSystem\Tests\Lebedev.cs)"; 1000;  0,558;2|3 ;   0,1697 ;        0;   0,1697;        ∞
"Math_13_2(C:\git_reps\summer_practice\opaque-func-lib\Muradyan\TestingSystem\TestingSystem\Tests\Lebedev.cs)"; 1000;  0,562;2|3 ;    0,168 ;        0;    0,168;        ∞
"Math_13_2(C:\git_reps\summer_practice\opaque-func-lib\Muradyan\TestingSystem\TestingSystem\Tests\Lebedev.cs)"; 1000;  0,566;2|3 ;   0,1663 ;        0;   0,1663;        ∞
"Math_13_2(C:\git_reps\summer_practice\opaque-func-lib\Muradyan\TestingSystem\TestingSystem\Tests\Lebedev.cs)"; 1000;   0,57;2|3 ;   0,1646 ;        0;   0,1646;        ∞
"Math_13_2(C:\git_reps\summer_practice\opaque-func-lib\Muradyan\TestingSystem\TestingSystem\Tests\Lebedev.cs)"; 1000;  0,574;2|3 ;   0,1629 ;        0;   0,1629;        ∞
"Math_13_2(C:\git_reps\summer_practice\opaque-func-lib\Muradyan\TestingSystem\TestingSystem\Tests\Lebedev.cs)"; 1000;  0,578;2|3 ;   0,1613 ;        0;   0,1613;        ∞
"Math_13_2(C:\git_reps\summer_practice\opaque-func-lib\Muradyan\TestingSystem\TestingSystem\Tests\Lebedev.cs)"; 1000;  0,582;2|3 ;   0,1597 ;        0;   0,1597;        ∞
"Math_13_2(C:\git_reps\summer_practice\opaque-func-lib\Muradyan\TestingSystem\TestingSystem\Tests\Lebedev.cs)"; 1000;  0,586;2|3 ;    0,158 ;        0;    0,158;        ∞
"Math_13_2(C:\git_reps\summer_practice\opaque-func-lib\Muradyan\TestingSystem\TestingSystem\Tests\Lebedev.cs)"; 1000;   0,59;2|3 ;   0,1565 ;        0;   0,1565;        ∞
"Math_13_2(C:\git_reps\summer_practice\opaque-func-lib\Muradyan\TestingSystem\TestingSystem\Tests\Lebedev.cs)"; 1000;  0,594;2|3 ;   0,1549 ;        0;   0,1549;        ∞
"Math_13_2(C:\git_reps\summer_practice\opaque-func-lib\Muradyan\TestingSystem\TestingSystem\Tests\Lebedev.cs)"; 1000;  0,598;2|3 ;   0,1534 ;        0;   0,1534;        ∞
"Math_13_2(C:\git_reps\summer_practice\opaque-func-lib\Muradyan\TestingSystem\TestingSystem\Tests\Lebedev.cs)"; 1000;  0,602;2|3 ;   0,1518 ;        0;   0,1518;        ∞
"Math_13_2(C:\git_reps\summer_practice\opaque-func-lib\Muradyan\TestingSystem\TestingSystem\Tests\Lebedev.cs)"; 1000;  0,606;2|3 ;   0,1503 ;        0;   0,1503;        ∞
"Math_13_2(C:\git_reps\summer_practice\opaque-func-lib\Muradyan\TestingSystem\TestingSystem\Tests\Lebedev.cs)"; 1000;   0,61;2|3 ;   0,1488 ;        0;   0,1488;        ∞
"Math_13_2(C:\git_reps\summer_practice\opaque-func-lib\Muradyan\TestingSystem\TestingSystem\Tests\Lebedev.cs)"; 1000;  0,614;2|3 ;   0,1474 ;        0;   0,1474;        ∞
"Math_13_2(C:\git_reps\summer_practice\opaque-func-lib\Muradyan\TestingSystem\TestingSystem\Tests\Lebedev.cs)"; 1000;  0,618;2|3 ;   0,1459 ;        0;   0,1459;        ∞
"Math_13_2(C:\git_reps\summer_practice\opaque-func-lib\Muradyan\TestingSystem\TestingSystem\Tests\Lebedev.cs)"; 1000;  0,622;2|3 ;   0,1445 ;        0;   0,1445;        ∞
"Math_13_2(C:\git_reps\summer_practice\opaque-func-lib\Muradyan\TestingSystem\TestingSystem\Tests\Lebedev.cs)"; 1000;  0,626;2|3 ;   0,1431 ;        0;   0,1431;        ∞
"Math_13_2(C:\git_reps\summer_practice\opaque-func-lib\Muradyan\TestingSystem\TestingSystem\Tests\Lebedev.cs)"; 1000;   0,63;2|3 ;   0,1417 ;        0;   0,1417;        ∞
"Math_13_2(C:\git_reps\summer_practice\opaque-func-lib\Muradyan\TestingSystem\TestingSystem\Tests\Lebedev.cs)"; 1000;  0,634;2|3 ;   0,1403 ;        0;   0,1403;        ∞
"Math_13_2(C:\git_reps\summer_practice\opaque-func-lib\Muradyan\TestingSystem\TestingSystem\Tests\Lebedev.cs)"; 1000;  0,638;2|3 ;   0,1389 ;        0;   0,1389;        ∞
"Math_13_2(C:\git_reps\summer_practice\opaque-func-lib\Muradyan\TestingSystem\TestingSystem\Tests\Lebedev.cs)"; 1000;  0,642;2|3 ;   0,1376 ;        0;   0,1376;        ∞
"Math_13_2(C:\git_reps\summer_practice\opaque-func-lib\Muradyan\TestingSystem\TestingSystem\Tests\Lebedev.cs)"; 1000;  0,646;2|3 ;   0,1362 ;        0;   0,1362;        ∞
"Math_13_2(C:\git_reps\summer_practice\opaque-func-lib\Muradyan\TestingSystem\TestingSystem\Tests\Lebedev.cs)"; 1000;   0,65;2|3 ;   0,1349 ;        0;   0,1349;        ∞
"Math_13_2(C:\git_reps\summer_practice\opaque-func-lib\Muradyan\TestingSystem\TestingSystem\Tests\Lebedev.cs)"; 1000;  0,654;2|3 ;   0,1336 ;        0;   0,1336;        ∞
"Math_13_2(C:\git_reps\summer_practice\opaque-func-lib\Muradyan\TestingSystem\TestingSystem\Tests\Lebedev.cs)"; 1000;  0,658;2|3 ;   0,1323 ;        0;   0,1323;        ∞
"Math_13_2(C:\git_reps\summer_practice\opaque-func-lib\Muradyan\TestingSystem\TestingSystem\Tests\Lebedev.cs)"; 1000;  0,662;2|3 ;   0,1311 ;        0;   0,1311;        ∞
"Math_13_2(C:\git_reps\summer_practice\opaque-func-lib\Muradyan\TestingSystem\TestingSystem\Tests\Lebedev.cs)"; 1000;  0,666;2|3 ;   0,1298 ;        0;   0,1298;        ∞
"Math_13_2(C:\git_reps\summer_practice\opaque-func-lib\Muradyan\TestingSystem\TestingSystem\Tests\Lebedev.cs)"; 1000;   0,67;2|3 ;   0,1286 ;        0;   0,1286;        ∞
"Math_13_2(C:\git_reps\summer_practice\opaque-func-lib\Muradyan\TestingSystem\TestingSystem\Tests\Lebedev.cs)"; 1000;  0,674;2|3 ;   0,1273 ;        0;   0,1273;        ∞
"Math_13_2(C:\git_reps\summer_practice\opaque-func-lib\Muradyan\TestingSystem\TestingSystem\Tests\Lebedev.cs)"; 1000;  0,678;2|3 ;   0,1261 ;        0;   0,1261;        ∞
"Math_13_2(C:\git_reps\summer_practice\opaque-func-lib\Muradyan\TestingSystem\TestingSystem\Tests\Lebedev.cs)"; 1000;  0,682;2|3 ;   0,1249 ;        0;   0,1249;        ∞
"Math_13_2(C:\git_reps\summer_practice\opaque-func-lib\Muradyan\TestingSystem\TestingSystem\Tests\Lebedev.cs)"; 1000;  0,686;2|3 ;   0,1238 ;        0;   0,1238;        ∞
"Math_13_2(C:\git_reps\summer_practice\opaque-func-lib\Muradyan\TestingSystem\TestingSystem\Tests\Lebedev.cs)"; 1000;   0,69;2|3 ;   0,1226 ;        0;   0,1226;        ∞
"Math_13_2(C:\git_reps\summer_practice\opaque-func-lib\Muradyan\TestingSystem\TestingSystem\Tests\Lebedev.cs)"; 1000;  0,694;2|3 ;   0,1214 ;        0;   0,1214;        ∞
"Math_13_2(C:\git_reps\summer_practice\opaque-func-lib\Muradyan\TestingSystem\TestingSystem\Tests\Lebedev.cs)"; 1000;  0,698;2|3 ;   0,1203 ;        0;   0,1203;        ∞
"Math_13_2(C:\git_reps\summer_practice\opaque-func-lib\Muradyan\TestingSystem\TestingSystem\Tests\Lebedev.cs)"; 1000;  0,702;2|3 ;   0,1192 ;        0;   0,1192;        ∞
"Math_13_2(C:\git_reps\summer_practice\opaque-func-lib\Muradyan\TestingSystem\TestingSystem\Tests\Lebedev.cs)"; 1000;  0,706;2|3 ;   0,1181 ;        0;   0,1181;        ∞
"Math_13_2(C:\git_reps\summer_practice\opaque-func-lib\Muradyan\TestingSystem\TestingSystem\Tests\Lebedev.cs)"; 1000;   0,71;2|3 ;    0,117 ;        0;    0,117;        ∞
"Math_13_2(C:\git_reps\summer_practice\opaque-func-lib\Muradyan\TestingSystem\TestingSystem\Tests\Lebedev.cs)"; 1000;  0,714;2|3 ;   0,1159 ;        0;   0,1159;        ∞
"Math_13_2(C:\git_reps\summer_practice\opaque-func-lib\Muradyan\TestingSystem\TestingSystem\Tests\Lebedev.cs)"; 1000;  0,718;2|3 ;   0,1148 ;        0;   0,1148;        ∞
"Math_13_2(C:\git_reps\summer_practice\opaque-func-lib\Muradyan\TestingSystem\TestingSystem\Tests\Lebedev.cs)"; 1000;  0,722;2|3 ;   0,1137 ;        0;   0,1137;        ∞
"Math_13_2(C:\git_reps\summer_practice\opaque-func-lib\Muradyan\TestingSystem\TestingSystem\Tests\Lebedev.cs)"; 1000;  0,726;2|3 ;   0,1127 ;        0;   0,1127;        ∞
"Math_13_2(C:\git_reps\summer_practice\opaque-func-lib\Muradyan\TestingSystem\TestingSystem\Tests\Lebedev.cs)"; 1000;   0,73;2|3 ;   0,1116 ;        0;   0,1116;        ∞
"Math_13_2(C:\git_reps\summer_practice\opaque-func-lib\Muradyan\TestingSystem\TestingSystem\Tests\Lebedev.cs)"; 1000;  0,734;2|3 ;   0,1106 ;        0;   0,1106;        ∞
"Math_13_2(C:\git_reps\summer_practice\opaque-func-lib\Muradyan\TestingSystem\TestingSystem\Tests\Lebedev.cs)"; 1000;  0,738;2|3 ;   0,1096 ;        0;   0,1096;        ∞
"Math_13_2(C:\git_reps\summer_practice\opaque-func-lib\Muradyan\TestingSystem\TestingSystem\Tests\Lebedev.cs)"; 1000;  0,742;2|3 ;   0,1086 ;        0;   0,1086;        ∞
"Math_13_2(C:\git_reps\summer_practice\opaque-func-lib\Muradyan\TestingSystem\TestingSystem\Tests\Lebedev.cs)"; 1000;  0,746;2|3 ;   0,1076 ;        0;   0,1076;        ∞
"Math_13_2(C:\git_reps\summer_practice\opaque-func-lib\Muradyan\TestingSystem\TestingSystem\Tests\Lebedev.cs)"; 1000;   0,75;2|3 ;   0,1066 ;        0;   0,1066;        ∞
"Math_13_2(C:\git_reps\summer_practice\opaque-func-lib\Muradyan\TestingSystem\TestingSystem\Tests\Lebedev.cs)"; 1000;  0,754;2|3 ;   0,1057 ;        0;   0,1057;        ∞
"Math_13_2(C:\git_reps\summer_practice\opaque-func-lib\Muradyan\TestingSystem\TestingSystem\Tests\Lebedev.cs)"; 1000;  0,758;2|3 ;   0,1047 ;        0;   0,1047;        ∞
"Math_13_2(C:\git_reps\summer_practice\opaque-func-lib\Muradyan\TestingSystem\TestingSystem\Tests\Lebedev.cs)"; 1000;  0,762;2|3 ;   0,1037 ;        0;   0,1037;        ∞
"Math_13_2(C:\git_reps\summer_practice\opaque-func-lib\Muradyan\TestingSystem\TestingSystem\Tests\Lebedev.cs)"; 1000;  0,766;2|3 ;   0,1028 ;        0;   0,1028;        ∞
"Math_13_2(C:\git_reps\summer_practice\opaque-func-lib\Muradyan\TestingSystem\TestingSystem\Tests\Lebedev.cs)"; 1000;   0,77;2|3 ;   0,1019 ;        0;   0,1019;        ∞
"Math_13_2(C:\git_reps\summer_practice\opaque-func-lib\Muradyan\TestingSystem\TestingSystem\Tests\Lebedev.cs)"; 1000;  0,774;2|3 ;    0,101 ;        0;    0,101;        ∞
"Math_13_2(C:\git_reps\summer_practice\opaque-func-lib\Muradyan\TestingSystem\TestingSystem\Tests\Lebedev.cs)"; 1000;  0,778;2|3 ;   0,1001 ;        0;   0,1001;        ∞
"Math_13_2(C:\git_reps\summer_practice\opaque-func-lib\Muradyan\TestingSystem\TestingSystem\Tests\Lebedev.cs)"; 1000;  0,782;2|3 ;  0,09917 ;        0;  0,09917;        ∞
"Math_13_2(C:\git_reps\summer_practice\opaque-func-lib\Muradyan\TestingSystem\TestingSystem\Tests\Lebedev.cs)"; 1000;  0,786;2|3 ;  0,09828 ;        0;  0,09828;        ∞
"Math_13_2(C:\git_reps\summer_practice\opaque-func-lib\Muradyan\TestingSystem\TestingSystem\Tests\Lebedev.cs)"; 1000;   0,79;2|3 ;  0,09741 ;        0;  0,09741;        ∞
"Math_13_2(C:\git_reps\summer_practice\opaque-func-lib\Muradyan\TestingSystem\TestingSystem\Tests\Lebedev.cs)"; 1000;  0,794;2|3 ;  0,09654 ;        0;  0,09654;        ∞
"Math_13_2(C:\git_reps\summer_practice\opaque-func-lib\Muradyan\TestingSystem\TestingSystem\Tests\Lebedev.cs)"; 1000;  0,798;2|3 ;  0,09568 ;        0;  0,09568;        ∞
"Math_13_2(C:\git_reps\summer_practice\opaque-func-lib\Muradyan\TestingSystem\TestingSystem\Tests\Lebedev.cs)"; 1000;  0,802;2|3 ;  0,09484 ;        0;  0,09484;        ∞
"Math_13_2(C:\git_reps\summer_practice\opaque-func-lib\Muradyan\TestingSystem\TestingSystem\Tests\Lebedev.cs)"; 1000;  0,806;2|3 ;    0,094 ;        0;    0,094;        ∞
"Math_13_2(C:\git_reps\summer_practice\opaque-func-lib\Muradyan\TestingSystem\TestingSystem\Tests\Lebedev.cs)"; 1000;   0,81;2|3 ;  0,09317 ;        0;  0,09317;        ∞
"Math_13_2(C:\git_reps\summer_practice\opaque-func-lib\Muradyan\TestingSystem\TestingSystem\Tests\Lebedev.cs)"; 1000;  0,814;2|3 ;  0,09235 ;        0;  0,09235;        ∞
"Math_13_2(C:\git_reps\summer_practice\opaque-func-lib\Muradyan\TestingSystem\TestingSystem\Tests\Lebedev.cs)"; 1000;  0,818;2|3 ;  0,09154 ;        0;  0,09154;        ∞
"Math_13_2(C:\git_reps\summer_practice\opaque-func-lib\Muradyan\TestingSystem\TestingSystem\Tests\Lebedev.cs)"; 1000;  0,822;2|3 ;  0,09074 ;        0;  0,09074;        ∞
"Math_13_2(C:\git_reps\summer_practice\opaque-func-lib\Muradyan\TestingSystem\TestingSystem\Tests\Lebedev.cs)"; 1000;  0,826;2|3 ;  0,08995 ;        0;  0,08995;        ∞
"Math_13_2(C:\git_reps\summer_practice\opaque-func-lib\Muradyan\TestingSystem\TestingSystem\Tests\Lebedev.cs)"; 1000;   0,83;2|3 ;  0,08917 ;        0;  0,08917;        ∞
"Math_13_2(C:\git_reps\summer_practice\opaque-func-lib\Muradyan\TestingSystem\TestingSystem\Tests\Lebedev.cs)"; 1000;  0,834;2|3 ;  0,08839 ;        0;  0,08839;        ∞
"Math_13_2(C:\git_reps\summer_practice\opaque-func-lib\Muradyan\TestingSystem\TestingSystem\Tests\Lebedev.cs)"; 1000;  0,838;2|3 ;  0,08762 ;        0;  0,08762;        ∞
"Math_13_2(C:\git_reps\summer_practice\opaque-func-lib\Muradyan\TestingSystem\TestingSystem\Tests\Lebedev.cs)"; 1000;  0,842;2|3 ;  0,08686 ;        0;  0,08686;        ∞
"Math_13_2(C:\git_reps\summer_practice\opaque-func-lib\Muradyan\TestingSystem\TestingSystem\Tests\Lebedev.cs)"; 1000;  0,846;2|3 ;  0,08611 ;        0;  0,08611;        ∞
"Math_13_2(C:\git_reps\summer_practice\opaque-func-lib\Muradyan\TestingSystem\TestingSystem\Tests\Lebedev.cs)"; 1000;   0,85;2|3 ;  0,08537 ;        0;  0,08537;        ∞
"Math_13_2(C:\git_reps\summer_practice\opaque-func-lib\Muradyan\TestingSystem\TestingSystem\Tests\Lebedev.cs)"; 1000;  0,854;2|3 ;  0,08464 ;        0;  0,08464;        ∞
"Math_13_2(C:\git_reps\summer_practice\opaque-func-lib\Muradyan\TestingSystem\TestingSystem\Tests\Lebedev.cs)"; 1000;  0,858;2|3 ;  0,08391 ;        0;  0,08391;        ∞
"Math_13_2(C:\git_reps\summer_practice\opaque-func-lib\Muradyan\TestingSystem\TestingSystem\Tests\Lebedev.cs)"; 1000;  0,862;2|3 ;  0,08319 ;        0;  0,08319;        ∞
"Math_13_2(C:\git_reps\summer_practice\opaque-func-lib\Muradyan\TestingSystem\TestingSystem\Tests\Lebedev.cs)"; 1000;  0,866;2|3 ;  0,08248 ;        0;  0,08248;        ∞
"Math_13_2(C:\git_reps\summer_practice\opaque-func-lib\Muradyan\TestingSystem\TestingSystem\Tests\Lebedev.cs)"; 1000;   0,87;2|3 ;  0,08178 ;        0;  0,08178;        ∞
"Math_13_2(C:\git_reps\summer_practice\opaque-func-lib\Muradyan\TestingSystem\TestingSystem\Tests\Lebedev.cs)"; 1000;  0,874;2|3 ;  0,08108 ;        0;  0,08108;        ∞
"Math_13_2(C:\git_reps\summer_practice\opaque-func-lib\Muradyan\TestingSystem\TestingSystem\Tests\Lebedev.cs)"; 1000;  0,878;2|3 ;  0,08039 ;        0;  0,08039;        ∞
"Math_13_2(C:\git_reps\summer_practice\opaque-func-lib\Muradyan\TestingSystem\TestingSystem\Tests\Lebedev.cs)"; 1000;  0,882;2|3 ;  0,07971 ;        0;  0,07971;        ∞
"Math_13_2(C:\git_reps\summer_practice\opaque-func-lib\Muradyan\TestingSystem\TestingSystem\Tests\Lebedev.cs)"; 1000;  0,886;2|3 ;  0,07904 ;        0;  0,07904;        ∞
"Math_13_2(C:\git_reps\summer_practice\opaque-func-lib\Muradyan\TestingSystem\TestingSystem\Tests\Lebedev.cs)"; 1000;   0,89;2|3 ;  0,07837 ;        0;  0,07837;        ∞
"Math_13_2(C:\git_reps\summer_practice\opaque-func-lib\Muradyan\TestingSystem\TestingSystem\Tests\Lebedev.cs)"; 1000;  0,894;2|3 ;  0,07771 ;        0;  0,07771;        ∞
"Math_13_2(C:\git_reps\summer_practice\opaque-func-lib\Muradyan\TestingSystem\TestingSystem\Tests\Lebedev.cs)"; 1000;  0,898;2|3 ;  0,07706 ;        0;  0,07706;        ∞
"Math_13_2(C:\git_reps\summer_practice\opaque-func-lib\Muradyan\TestingSystem\TestingSystem\Tests\Lebedev.cs)"; 1000;  0,902;2|3 ;  0,07641 ;        0;  0,07641;        ∞
"Math_13_2(C:\git_reps\summer_practice\opaque-func-lib\Muradyan\TestingSystem\TestingSystem\Tests\Lebedev.cs)"; 1000;  0,906;2|3 ;  0,07577 ;        0;  0,07577;        ∞
"Math_13_2(C:\git_reps\summer_practice\opaque-func-lib\Muradyan\TestingSystem\TestingSystem\Tests\Lebedev.cs)"; 1000;   0,91;2|3 ;  0,07514 ;        0;  0,07514;        ∞
"Math_13_2(C:\git_reps\summer_practice\opaque-func-lib\Muradyan\TestingSystem\TestingSystem\Tests\Lebedev.cs)"; 1000;  0,914;2|3 ;  0,07451 ;        0;  0,07451;        ∞
"Math_13_2(C:\git_reps\summer_practice\opaque-func-lib\Muradyan\TestingSystem\TestingSystem\Tests\Lebedev.cs)"; 1000;  0,918;2|3 ;  0,07389 ;        0;  0,07389;        ∞
"Math_13_2(C:\git_reps\summer_practice\opaque-func-lib\Muradyan\TestingSystem\TestingSystem\Tests\Lebedev.cs)"; 1000;  0,922;2|3 ;  0,07328 ;        0;  0,07328;        ∞
"Math_13_2(C:\git_reps\summer_practice\opaque-func-lib\Muradyan\TestingSystem\TestingSystem\Tests\Lebedev.cs)"; 1000;  0,926;2|3 ;  0,07267 ;        0;  0,07267;        ∞
"Math_13_2(C:\git_reps\summer_practice\opaque-func-lib\Muradyan\TestingSystem\TestingSystem\Tests\Lebedev.cs)"; 1000;   0,93;2|3 ;  0,07207 ;        0;  0,07207;        ∞
"Math_13_2(C:\git_reps\summer_practice\opaque-func-lib\Muradyan\TestingSystem\TestingSystem\Tests\Lebedev.cs)"; 1000;  0,934;2|3 ;  0,07148 ;        0;  0,07148;        ∞
"Math_13_2(C:\git_reps\summer_practice\opaque-func-lib\Muradyan\TestingSystem\TestingSystem\Tests\Lebedev.cs)"; 1000;  0,938;2|3 ;  0,07089 ;        0;  0,07089;        ∞
"Math_13_2(C:\git_reps\summer_practice\opaque-func-lib\Muradyan\TestingSystem\TestingSystem\Tests\Lebedev.cs)"; 1000;  0,942;2|3 ;  0,07031 ;        0;  0,07031;        ∞
"Math_13_2(C:\git_reps\summer_practice\opaque-func-lib\Muradyan\TestingSystem\TestingSystem\Tests\Lebedev.cs)"; 1000;  0,946;2|3 ;  0,06973 ;        0;  0,06973;        ∞
"Math_13_2(C:\git_reps\summer_practice\opaque-func-lib\Muradyan\TestingSystem\TestingSystem\Tests\Lebedev.cs)"; 1000;   0,95;2|3 ;  0,06916 ;        0;  0,06916;        ∞
"Math_13_2(C:\git_reps\summer_practice\opaque-func-lib\Muradyan\TestingSystem\TestingSystem\Tests\Lebedev.cs)"; 1000;  0,954;2|3 ;   0,0686 ;        0;   0,0686;        ∞
"Math_13_2(C:\git_reps\summer_practice\opaque-func-lib\Muradyan\TestingSystem\TestingSystem\Tests\Lebedev.cs)"; 1000;  0,958;2|3 ;  0,06804 ;        0;  0,06804;        ∞
"Math_13_2(C:\git_reps\summer_practice\opaque-func-lib\Muradyan\TestingSystem\TestingSystem\Tests\Lebedev.cs)"; 1000;  0,962;2|3 ;  0,06748 ;        0;  0,06748;        ∞
"Math_13_2(C:\git_reps\summer_practice\opaque-func-lib\Muradyan\TestingSystem\TestingSystem\Tests\Lebedev.cs)"; 1000;  0,966;2|3 ;  0,06694 ;        0;  0,06694;        ∞
"Math_13_2(C:\git_reps\summer_practice\opaque-func-lib\Muradyan\TestingSystem\TestingSystem\Tests\Lebedev.cs)"; 1000;   0,97;2|3 ;   0,0664 ;        0;   0,0664;        ∞
"Math_13_2(C:\git_reps\summer_practice\opaque-func-lib\Muradyan\TestingSystem\TestingSystem\Tests\Lebedev.cs)"; 1000;  0,974;2|3 ;  0,06617 ;        0;  0,06617;        ∞
"Math_13_2(C:\git_reps\summer_practice\opaque-func-lib\Muradyan\TestingSystem\TestingSystem\Tests\Lebedev.cs)"; 1000;  0,978;2|3 ;  0,08415 ;        0;  0,08415;        ∞
"Math_13_2(C:\git_reps\summer_practice\opaque-func-lib\Muradyan\TestingSystem\TestingSystem\Tests\Lebedev.cs)"; 1000;  0,982;2|3 ;    1,173 ;        0;    1,173;        ∞
"Math_13_2(C:\git_reps\summer_practice\opaque-func-lib\Muradyan\TestingSystem\TestingSystem\Tests\Lebedev.cs)"; 1000;  0,986;2|3 ;    64,27 ;        0;    64,27;        ∞
"Math_13_2(C:\git_reps\summer_practice\opaque-func-lib\Muradyan\TestingSystem\TestingSystem\Tests\Lebedev.cs)"; 1000;   0,99;2|3 ;     3658 ;        0;     3658;        ∞
"Math_13_2(C:\git_reps\summer_practice\opaque-func-lib\Muradyan\TestingSystem\TestingSystem\Tests\Lebedev.cs)"; 1000;  0,994;2|3 ; 2,05E+05 ;        0; 2,05E+05;        ∞
"Math_13_2(C:\git_reps\summer_practice\opaque-func-lib\Muradyan\TestingSystem\TestingSystem\Tests\Lebedev.cs)"; 1000;  0,998;2|3 ;1,131E+07 ;        0;1,131E+07;        ∞

